12,0.0377,5.39,1693692004.2528856
8,0.0252,5.36,1693692019.7564867
12,0.0377,5.34,1693692035.2620893
20,0.0629,5.36,1693692050.7658086
28,0.0881,5.34,1693692066.2705069
20,0.0629,5.36,1693692081.7740567
36,0.1132,5.34,1693692097.277657
24,0.0755,5.34,1693692112.782266
8,0.0252,5.36,1693692128.2847602
36,0.1132,5.34,1693692143.7894115
32,0.1006,5.36,1693692159.2940342
20,0.0629,5.34,1693692174.7976358
12,0.0377,5.36,1693692190.301146
28,0.0881,5.36,1693692205.8057127
24,0.0755,5.39,1693692221.3092399
4,0.0126,5.31,1693692236.81172
40,0.1258,5.34,1693692252.3173373
28,0.0881,5.31,1693692267.8208644
28,0.0881,5.39,1693692283.3244503
12,0.0377,5.34,1693692298.8289988
32,0.1006,5.36,1693692314.3324416
24,0.0755,5.34,1693692329.8359733
4,0.0126,5.36,1693692345.3394055
20,0.0629,5.31,1693692360.8439703
20,0.0629,5.34,1693692376.3485096
24,0.0755,5.34,1693692391.8530626
24,0.0755,5.34,1693692407.3564749
32,0.1006,5.34,1693692422.8610318
32,0.1006,5.34,1693692438.3654764
28,0.0881,5.31,1693692453.8690307
32,0.1006,5.39,1693692469.3735006
12,0.0377,5.34,1693692484.8770013
20,0.0629,5.34,1693692500.3804069
20,0.0629,5.34,1693692515.8848903
24,0.0755,5.36,1693692531.3883262
16,0.0503,5.31,1693692546.8918052
36,0.1132,5.34,1693692562.3962648
36,0.1132,5.34,1693692577.8997006
28,0.0881,5.34,1693692593.4031675
12,0.0377,5.31,1693692608.9076376
20,0.0629,5.31,1693692624.4110491
44,0.1384,5.36,1693692639.9144819
28,0.0881,5.31,1693692655.4189596
20,0.0629,5.39,1693692670.9223738
24,0.0755,5.34,1693692686.4261377
48,0.1509,5.34,1693692701.9302819
28,0.0881,5.34,1693692717.433695
40,0.1258,5.34,1693692732.937103
40,0.1258,5.36,1693692748.441555
32,0.1006,5.36,1693692763.9450371
24,0.0755,5.34,1693692779.4494095
32,0.1006,5.36,1693692794.953855
40,0.1258,5.36,1693692810.4572735
32,0.1006,5.36,1693692825.9616878
28,0.0881,5.36,1693692841.4661288
16,0.0503,5.36,1693692856.9695375
28,0.0881,5.34,1693692872.4740431
32,0.1006,5.34,1693692887.9773731
44,0.1384,5.31,1693692903.4806736
44,0.1384,5.36,1693692918.9852226
20,0.0629,5.31,1693692934.4885867
24,0.0755,5.34,1693692949.991991
24,0.0755,5.31,1693692965.496429
48,0.1509,5.36,1693692980.9998035
24,0.0755,5.36,1693692996.5031974
20,0.0629,5.34,1693693012.0076244
32,0.1006,5.36,1693693027.5110257
44,0.1384,5.39,1693693043.0144238
28,0.0881,5.31,1693693058.5188382
8,0.0252,5.36,1693693074.021153
36,0.1132,5.36,1693693089.525591
40,0.1258,5.36,1693693105.0300095
32,0.1006,5.31,1693693120.5333896
20,0.0629,5.36,1693693136.036794
28,0.0881,5.34,1693693151.5411925
24,0.0755,5.34,1693693167.0445626
24,0.0755,5.34,1693693182.54905
20,0.0629,5.34,1693693198.0534284
28,0.0881,5.36,1693693213.5567636
16,0.0503,5.34,1693693229.0611668
40,0.1258,5.34,1693693244.565564
28,0.0881,5.36,1693693260.06899
20,0.0629,5.39,1693693275.5733502
12,0.0377,5.36,1693693291.076729
24,0.0755,5.36,1693693306.5801196
24,0.0755,5.36,1693693322.0845037
24,0.0755,5.34,1693693337.5878725
20,0.0629,5.36,1693693353.0912247
12,0.0377,5.34,1693693368.5956402
20,0.0629,5.36,1693693384.0989888
28,0.0881,5.36,1693693399.6023815
48,0.1509,5.36,1693693415.1067688
24,0.0755,5.36,1693693430.6101127
12,0.0377,5.39,1693693446.1134844
16,0.0503,5.34,1693693461.6178982
28,0.0881,5.36,1693693477.1212912
20,0.0629,5.34,1693693492.6245973
32,0.1006,5.34,1693693508.1290581
16,0.0503,5.36,1693693523.6324017
32,0.1006,5.36,1693693539.1357203
8,0.0252,5.36,1693693554.6390667
24,0.0755,5.34,1693693570.1434834
36,0.1132,5.34,1693693585.647911
24,0.0755,5.34,1693693601.1526656
24,0.0755,5.34,1693693616.6563325
28,0.0881,5.34,1693693632.161061
24,0.0755,5.36,1693693647.6657648
20,0.0629,5.36,1693693663.1694608
20,0.0629,5.34,1693693678.674139
12,0.0377,5.34,1693693694.177786
16,0.0503,5.34,1693693709.68146
16,0.0503,5.34,1693693725.1861038
44,0.1384,5.34,1693693740.6897748
12,0.0377,5.34,1693693756.1933851
28,0.0881,5.31,1693693771.6980574
4,0.0126,5.34,1693693787.200565
32,0.1006,5.36,1693693802.7052627
20,0.0629,5.34,1693693818.2099016
52,0.1635,5.36,1693693833.7135196
28,0.0881,5.31,1693693849.217098
12,0.0377,5.34,1693693864.721719
40,0.1258,5.34,1693693880.2252994
8,0.0252,5.36,1693693895.7277849
8,0.0252,5.36,1693693911.2323833
20,0.0629,5.34,1693693926.7371027
44,0.1384,5.34,1693693942.2406008
20,0.0629,5.31,1693693957.7451894
24,0.0755,5.34,1693693973.2487478
28,0.0881,5.34,1693693988.753294
20,0.0629,5.36,1693694004.2578635
12,0.0377,5.34,1693694019.7614198
24,0.0755,5.36,1693694035.265981
16,0.0503,5.34,1693694050.7705264
36,0.1132,5.36,1693694066.2740731
40,0.1258,5.34,1693694081.7786152
28,0.0881,5.39,1693694097.2821498
44,0.1384,5.31,1693694112.7856154
32,0.1006,5.31,1693694128.290167
24,0.0755,5.34,1693694143.7936907
40,0.1258,5.34,1693694159.2972183
20,0.0629,5.34,1693694174.8017616
16,0.0503,5.36,1693694190.3052819
24,0.0755,5.34,1693694205.8087716
36,0.1132,5.34,1693694221.3133254
4,0.0126,5.34,1693694236.8156772
24,0.0755,5.36,1693694252.3202498
28,0.0881,5.34,1693694267.8247676
24,0.0755,5.36,1693694283.3282592
16,0.0503,5.36,1693694298.831755
36,0.1132,5.34,1693694314.3362424
32,0.1006,5.36,1693694329.8397918
24,0.0755,5.39,1693694345.343235
8,0.0252,5.34,1693694360.8466175
40,0.1258,5.34,1693694376.3511648
24,0.0755,5.34,1693694391.8556805
12,0.0377,5.31,1693694407.3601987
36,0.1132,5.34,1693694422.8636622
8,0.0252,5.34,1693694438.36708
12,0.0377,5.36,1693694453.8726518
32,0.1006,5.34,1693694469.376097
16,0.0503,5.34,1693694484.8806162
20,0.0629,5.34,1693694500.3840473
36,0.1132,5.34,1693694515.8875327
24,0.0755,5.34,1693694531.3920002
56,0.1761,5.34,1693694546.8954515
28,0.0881,5.36,1693694562.3988967
4,0.0126,5.34,1693694577.9023044
20,0.0629,5.36,1693694593.406805
16,0.0503,5.34,1693694608.9102883
24,0.0755,5.34,1693694624.4147255
40,0.1258,5.36,1693694639.9181755
40,0.1258,5.36,1693694655.4216645
24,0.0755,5.31,1693694670.9261134
24,0.0755,5.34,1693694686.4295537
16,0.0503,5.29,1693694701.9328864
16,0.0503,5.34,1693694717.437461
36,0.1132,5.36,1693694732.9408846
36,0.1132,5.34,1693694748.4443254
32,0.1006,5.31,1693694763.9488175
16,0.0503,5.36,1693694779.4522407
16,0.0503,5.36,1693694794.9567068
12,0.0377,5.36,1693694810.4611511
36,0.1132,5.34,1693694825.9646184
24,0.0755,5.36,1693694841.4690628
20,0.0629,5.36,1693694856.9735277
28,0.0881,5.34,1693694872.4770539
28,0.0881,5.34,1693694887.9814162
16,0.0503,5.34,1693694903.4848473
8,0.0252,5.36,1693694918.9871874
32,0.1006,5.36,1693694934.4927447
36,0.1132,5.34,1693694949.9961805
52,0.1635,5.34,1693694965.499582
40,0.1258,5.34,1693694981.0040457
24,0.0755,5.36,1693694996.507497
44,0.1384,5.36,1693695012.0108929
4,0.0126,5.36,1693695027.5142555
36,0.1132,5.34,1693695043.0187511
36,0.1132,5.36,1693695058.5222027
28,0.0881,5.36,1693695074.026661
32,0.1006,5.34,1693695089.5300567
44,0.1384,5.34,1693695105.0335011
36,0.1132,5.34,1693695120.537969
12,0.0377,5.34,1693695136.0413818
48,0.1509,5.34,1693695151.5448158
12,0.0377,5.36,1693695167.049252
12,0.0377,5.31,1693695182.552652
16,0.0503,5.36,1693695198.0570872
44,0.1384,5.34,1693695213.561551
36,0.1132,5.36,1693695229.0649912
28,0.0881,5.36,1693695244.5694237
28,0.0881,5.36,1693695260.0738626
36,0.1132,5.34,1693695275.5772834
28,0.0881,5.31,1693695291.0817103
32,0.1006,5.31,1693695306.5850453
28,0.0881,5.34,1693695322.0886045
44,0.1384,5.34,1693695337.593038
28,0.0881,5.36,1693695353.0964334
16,0.0503,5.34,1693695368.5998478
24,0.0755,5.34,1693695384.1043022
28,0.0881,5.36,1693695399.6077137
28,0.0881,5.34,1693695415.111119
16,0.0503,5.36,1693695430.6155846
20,0.0629,5.36,1693695446.1189938
32,0.1006,5.36,1693695461.6223884
12,0.0377,5.39,1693695477.1268353
24,0.0755,5.36,1693695492.6302416
20,0.0629,5.36,1693695508.1336813
24,0.0755,5.34,1693695523.63811
20,0.0629,5.36,1693695539.1415086
20,0.0629,5.36,1693695554.6449099
32,0.1006,5.34,1693695570.1493788
44,0.1384,5.34,1693695585.652782
28,0.0881,5.34,1693695601.157216
16,0.0503,5.34,1693695616.6616626
44,0.1384,5.34,1693695632.165069
8,0.0252,5.31,1693695647.6674542
24,0.0755,5.34,1693695663.1719491
32,0.1006,5.36,1693695678.6744359
40,0.1258,5.36,1693695694.1778512
16,0.0503,5.36,1693695709.6803458
4,0.0126,5.36,1693695725.1817667
20,0.0629,5.34,1693695740.686411
24,0.0755,5.39,1693695756.1890388
40,0.1258,5.34,1693695771.6915314
32,0.1006,5.34,1693695787.1951835
8,0.0252,5.36,1693695802.6966715
8,0.0252,5.31,1693695818.1992867
12,0.0377,5.36,1693695833.7040348
32,0.1006,5.34,1693695849.206717
32,0.1006,5.34,1693695864.7094078
12,0.0377,5.34,1693695880.2131326
24,0.0755,5.36,1693695895.7158337
32,0.1006,5.34,1693695911.218636
28,0.0881,5.34,1693695926.7224014
28,0.0881,5.34,1693695942.225179
8,0.0252,5.36,1693695957.726894
32,0.1006,5.36,1693695973.2317836
28,0.0881,5.34,1693695988.7345874
16,0.0503,5.31,1693696004.2385209
20,0.0629,5.34,1693696019.7423518
8,0.0252,5.34,1693696035.2441144
24,0.0755,5.36,1693696050.749093
16,0.0503,5.34,1693696066.2530262
40,0.1258,5.34,1693696081.7559037
16,0.0503,5.34,1693696097.2598379
32,0.1006,5.36,1693696112.7627988
16,0.0503,5.36,1693696128.2657204
20,0.0629,5.36,1693696143.769698
36,0.1132,5.36,1693696159.272619
20,0.0629,5.34,1693696174.775603
44,0.1384,5.39,1693696190.279567
24,0.0755,5.31,1693696205.782576
32,0.1006,5.34,1693696221.285612
28,0.0881,5.39,1693696236.7895792
20,0.0629,5.34,1693696252.2926092
24,0.0755,5.34,1693696267.7956088
28,0.0881,5.34,1693696283.2996757
52,0.1635,5.39,1693696298.802706
32,0.1006,5.31,1693696314.3057456
20,0.0629,5.34,1693696329.8098512
36,0.1132,5.34,1693696345.3128564
24,0.0755,5.36,1693696360.8159294
28,0.0881,5.34,1693696376.3200283
60,0.1887,5.36,1693696391.8231268
24,0.0755,5.36,1693696407.327203
16,0.0503,5.36,1693696422.831327
16,0.0503,5.34,1693696438.3344412
12,0.0377,5.36,1693696453.8385372
12,0.0377,5.34,1693696469.3426998
28,0.0881,5.31,1693696484.845801
20,0.0629,5.36,1693696500.3499436
32,0.1006,5.36,1693696515.8531046
4,0.0126,5.36,1693696531.3551211
24,0.0755,5.39,1693696546.8603275
40,0.1258,5.36,1693696562.3634794
24,0.0755,5.36,1693696577.8666155
32,0.1006,5.34,1693696593.3707998
36,0.1132,5.36,1693696608.8739417
32,0.1006,5.34,1693696624.3771002
12,0.0377,5.36,1693696639.881305
44,0.1384,5.36,1693696655.3844526
20,0.0629,5.42,1693696670.887614
20,0.0629,5.36,1693696686.3917994
32,0.1006,5.34,1693696701.8949726
24,0.0755,5.34,1693696717.398166
28,0.0881,5.34,1693696732.9023716
44,0.1384,5.39,1693696748.4055421
44,0.1384,5.36,1693696763.9087718
40,0.1258,5.36,1693696779.4130352
28,0.0881,5.34,1693696794.9161527
24,0.0755,5.34,1693696810.4204013
20,0.0629,5.31,1693696825.924612
20,0.0629,5.34,1693696841.4277923
28,0.0881,5.36,1693696856.932041
24,0.0755,5.42,1693696872.4362552
12,0.0377,5.31,1693696887.9394772
16,0.0503,5.34,1693696903.4437125
32,0.1006,5.39,1693696918.9469383
16,0.0503,5.34,1693696934.450171
12,0.0377,5.36,1693696949.9543831
32,0.1006,5.36,1693696965.4576352
24,0.0755,5.36,1693696980.9608238
16,0.0503,5.34,1693696996.4650695
8,0.0252,5.36,1693697011.9672303
20,0.0629,5.36,1693697027.4715505
40,0.1258,5.36,1693697042.9758005
20,0.0629,5.36,1693697058.479025
0,0.0000,5.31,1693697073.9811752
24,0.0755,5.36,1693697089.486534
40,0.1258,5.34,1693697104.9897642
32,0.1006,5.34,1693697120.4930964
16,0.0503,5.34,1693697135.99728
16,0.0503,5.39,1693697151.5005188
20,0.0629,5.34,1693697167.0037792
40,0.1258,5.36,1693697182.508038
16,0.0503,5.36,1693697198.0113115
44,0.1384,5.34,1693697213.5155873
28,0.0881,5.34,1693697229.0198596
32,0.1006,5.36,1693697244.523093
12,0.0377,5.34,1693697260.0273705
28,0.0881,5.34,1693697275.5316298
16,0.0503,5.36,1693697291.0349152
8,0.0252,5.39,1693697306.538122
40,0.1258,5.36,1693697322.042442
20,0.0629,5.36,1693697337.5456812
16,0.0503,5.36,1693697353.049994
12,0.0377,5.34,1693697368.5532353
20,0.0629,5.39,1693697384.0565057
12,0.0377,5.34,1693697399.5607672
20,0.0629,5.34,1693697415.06405
32,0.1006,5.36,1693697430.5672905
32,0.1006,5.31,1693697446.071602
36,0.1132,5.36,1693697461.5748658
16,0.0503,5.39,1693697477.0781167
20,0.0629,5.34,1693697492.5824122
24,0.0755,5.36,1693697508.0856915
24,0.0755,5.34,1693697523.5889735
20,0.0629,5.36,1693697539.0932229
28,0.0881,5.36,1693697554.5964806
16,0.0503,5.34,1693697570.0997705
32,0.1006,5.36,1693697585.6040614
16,0.0503,5.36,1693697601.1073415
48,0.1509,5.36,1693697616.6116352
52,0.1635,5.34,1693697632.115925
20,0.0629,5.34,1693697647.619194
24,0.0755,5.36,1693697663.1235015
32,0.1006,5.31,1693697678.6277957
32,0.1006,5.36,1693697694.1311245
12,0.0377,5.34,1693697709.6354735
20,0.0629,5.36,1693697725.1387901
40,0.1258,5.34,1693697740.642127
24,0.0755,5.39,1693697756.146447
24,0.0755,5.39,1693697771.6497848
20,0.0629,5.34,1693697787.1531124
44,0.1384,5.36,1693697802.657456
28,0.0881,5.39,1693697818.1607552
28,0.0881,5.34,1693697833.6640692
16,0.0503,5.34,1693697849.1684158
32,0.1006,5.36,1693697864.6717324
44,0.1384,5.36,1693697880.175073
24,0.0755,5.34,1693697895.679393
20,0.0629,5.39,1693697911.1827354
36,0.1132,5.36,1693697926.686036
28,0.0881,5.34,1693697942.1903558
12,0.0377,5.34,1693697957.6936917
32,0.1006,5.34,1693697973.1970737
28,0.0881,5.31,1693697988.7013454
28,0.0881,5.31,1693698004.204568
12,0.0377,5.39,1693698019.7090762
24,0.0755,5.34,1693698035.213337
24,0.0755,5.34,1693698050.716641
12,0.0377,5.31,1693698066.22104
20,0.0629,5.36,1693698081.7252898
16,0.0503,5.34,1693698097.228603
32,0.1006,5.36,1693698112.7331293
32,0.1006,5.36,1693698128.236243
20,0.0629,5.36,1693698143.7395585
28,0.0881,5.34,1693698159.2438989
24,0.0755,5.34,1693698174.7472057
12,0.0377,5.34,1693698190.250513
20,0.0629,5.34,1693698205.754836
20,0.0629,5.31,1693698221.258137
16,0.0503,5.34,1693698236.7614455
24,0.0755,5.34,1693698252.2657735
32,0.1006,5.34,1693698267.7690809
36,0.1132,5.36,1693698283.2724023
20,0.0629,5.36,1693698298.7767098
32,0.1006,5.34,1693698314.2800188
20,0.0629,5.36,1693698329.7833374
20,0.0629,5.36,1693698345.287665
28,0.0881,5.39,1693698360.7909822
36,0.1132,5.34,1693698376.2942564
24,0.0755,5.34,1693698391.7985845
24,0.0755,5.39,1693698407.3018892
16,0.0503,5.36,1693698422.8062294
36,0.1132,5.34,1693698438.3105316
24,0.0755,5.34,1693698453.8138564
8,0.0252,5.36,1693698469.3170948
40,0.1258,5.34,1693698484.822502
28,0.0881,5.34,1693698500.3258328
48,0.1509,5.34,1693698515.8301415
20,0.0629,5.34,1693698531.3334627
28,0.0881,5.36,1693698546.8367813
24,0.0755,5.36,1693698562.3410883
24,0.0755,5.34,1693698577.8443394
16,0.0503,5.36,1693698593.3476255
16,0.0503,5.36,1693698608.851977
16,0.0503,5.36,1693698624.3552804
28,0.0881,5.36,1693698639.85857
32,0.1006,5.34,1693698655.3629618
28,0.0881,5.39,1693698670.8662007
28,0.0881,5.36,1693698686.3695061
16,0.0503,5.36,1693698701.8738286
20,0.0629,5.36,1693698717.3771162
28,0.0881,5.36,1693698732.8804216
28,0.0881,5.36,1693698748.3847432
20,0.0629,5.36,1693698763.8880484
20,0.0629,5.36,1693698779.3913348
28,0.0881,5.36,1693698794.8956764
24,0.0755,5.34,1693698810.398944
20,0.0629,5.34,1693698825.903299
16,0.0503,5.34,1693698841.407608
8,0.0252,5.36,1693698856.9098303
24,0.0755,5.36,1693698872.4152844
32,0.1006,5.39,1693698887.9195538
28,0.0881,5.36,1693698903.4228575
40,0.1258,5.39,1693698918.9271605
24,0.0755,5.31,1693698934.4304733
16,0.0503,5.34,1693698949.93377
24,0.0755,5.34,1693698965.4381058
28,0.0881,5.34,1693698980.9414344
28,0.0881,5.36,1693698996.4446948
40,0.1258,5.36,1693699011.949125
24,0.0755,5.36,1693699027.4523203
20,0.0629,5.36,1693699042.9556012
36,0.1132,5.34,1693699058.459932
44,0.1384,5.36,1693699073.9632108
12,0.0377,5.34,1693699089.4665906
32,0.1006,5.34,1693699104.9708598
28,0.0881,5.36,1693699120.4741528
24,0.0755,5.36,1693699135.9774563
24,0.0755,5.36,1693699151.4817562
20,0.0629,5.36,1693699166.985066
24,0.0755,5.39,1693699182.4883513
24,0.0755,5.36,1693699197.992741
16,0.0503,5.36,1693699213.4959617
32,0.1006,5.36,1693699229.000282
24,0.0755,5.36,1693699244.5046024
20,0.0629,5.36,1693699260.0079226
20,0.0629,5.36,1693699275.5122166
16,0.0503,5.36,1693699291.0165684
20,0.0629,5.34,1693699306.5199034
20,0.0629,5.42,1693699322.0241632
28,0.0881,5.34,1693699337.5274565
36,0.1132,5.34,1693699353.0307608
28,0.0881,5.39,1693699368.5350564
28,0.0881,5.34,1693699384.0383554
28,0.0881,5.34,1693699399.5416586
16,0.0503,5.36,1693699415.0460265
36,0.1132,5.36,1693699430.54929
16,0.0503,5.36,1693699446.0525832
24,0.0755,5.34,1693699461.5569036
32,0.1006,5.36,1693699477.0601947
20,0.0629,5.36,1693699492.563509
24,0.0755,5.34,1693699508.0678275
28,0.0881,5.36,1693699523.5711675
44,0.1384,5.34,1693699539.074409
44,0.1384,5.34,1693699554.5787158
16,0.0503,5.36,1693699570.082052
24,0.0755,5.36,1693699585.585339
28,0.0881,5.34,1693699601.0896487
16,0.0503,5.34,1693699616.5929918
36,0.1132,5.34,1693699632.0972393
20,0.0629,5.39,1693699647.6015873
24,0.0755,5.36,1693699663.10486
8,0.0252,5.36,1693699678.6081183
32,0.1006,5.34,1693699694.1135025
32,0.1006,5.34,1693699709.6168222
20,0.0629,5.36,1693699725.1211185
36,0.1132,5.34,1693699740.6244643
20,0.0629,5.34,1693699756.1277423
20,0.0629,5.36,1693699771.6320665
8,0.0252,5.34,1693699787.1342962
28,0.0881,5.36,1693699802.638688
40,0.1258,5.34,1693699818.143007
24,0.0755,5.34,1693699833.6463218
12,0.0377,5.36,1693699849.1496637
24,0.0755,5.34,1693699864.6539407
56,0.1761,5.34,1693699880.157223
12,0.0377,5.36,1693699895.6605375
32,0.1006,5.36,1693699911.1648784
52,0.1635,5.34,1693699926.66818
20,0.0629,5.34,1693699942.1714761
16,0.0503,5.34,1693699957.6758478
36,0.1132,5.34,1693699973.179098
24,0.0755,5.34,1693699988.6824
12,0.0377,5.39,1693700004.1867397
24,0.0755,5.39,1693700019.6900449
16,0.0503,5.34,1693700035.1943617
28,0.0881,5.34,1693700050.6986701
16,0.0503,5.34,1693700066.2020426
24,0.0755,5.31,1693700081.7063148
44,0.1384,5.39,1693700097.210645
28,0.0881,5.34,1693700112.7139273
16,0.0503,5.34,1693700128.2182539
16,0.0503,5.36,1693700143.7215497
20,0.0629,5.36,1693700159.2248745
36,0.1132,5.31,1693700174.7292058
28,0.0881,5.36,1693700190.2324767
28,0.0881,5.29,1693700205.7358167
12,0.0377,5.34,1693700221.2401402
28,0.0881,5.31,1693700236.7434254
8,0.0252,5.36,1693700252.2456436
28,0.0881,5.34,1693700267.751034
24,0.0755,5.36,1693700283.2543848
16,0.0503,5.34,1693700298.7576427
36,0.1132,5.31,1693700314.2619786
36,0.1132,5.34,1693700329.765278
24,0.0755,5.34,1693700345.2685657
20,0.0629,5.36,1693700360.7728903
36,0.1132,5.34,1693700376.2761714
20,0.0629,5.36,1693700391.779544
16,0.0503,5.31,1693700407.2836876
12,0.0377,5.34,1693700422.7871218
16,0.0503,5.34,1693700438.2914176
36,0.1132,5.36,1693700453.7957501
16,0.0503,5.34,1693700469.2990358
28,0.0881,5.36,1693700484.8033547
40,0.1258,5.36,1693700500.3076897
36,0.1132,5.36,1693700515.8109753
8,0.0252,5.36,1693700531.3142374
40,0.1258,5.34,1693700546.8186114
44,0.1384,5.36,1693700562.3219407
24,0.0755,5.34,1693700577.8262222
20,0.0629,5.34,1693700593.329503
32,0.1006,5.36,1693700608.8328497
32,0.1006,5.36,1693700624.337138
20,0.0629,5.36,1693700639.8404467
28,0.0881,5.31,1693700655.3437276
32,0.1006,5.34,1693700670.8480625
28,0.0881,5.34,1693700686.3513858
28,0.0881,5.31,1693700701.85456
20,0.0629,5.34,1693700717.3590043
8,0.0252,5.36,1693700732.8612094
20,0.0629,5.34,1693700748.3655741
12,0.0377,5.34,1693700763.869882
36,0.1132,5.31,1693700779.3731866
28,0.0881,5.36,1693700794.8764863
36,0.1132,5.36,1693700810.380798
32,0.1006,5.36,1693700825.8841586
12,0.0377,5.34,1693700841.3884273
24,0.0755,5.39,1693700856.8927577
20,0.0629,5.36,1693700872.3960314
20,0.0629,5.34,1693700887.9003673
32,0.1006,5.34,1693700903.404694
36,0.1132,5.34,1693700918.9079864
12,0.0377,5.36,1693700934.4123094
12,0.0377,5.36,1693700949.9156027
44,0.1384,5.34,1693700965.4188874
20,0.0629,5.31,1693700980.9232144
28,0.0881,5.36,1693700996.4265306
36,0.1132,5.29,1693701011.9298158
44,0.1384,5.34,1693701027.4341338
40,0.1258,5.31,1693701042.9374416
4,0.0126,5.36,1693701058.4396532
32,0.1006,5.36,1693701073.9451203
20,0.0629,5.31,1693701089.4483387
20,0.0629,5.39,1693701104.951625
24,0.0755,5.34,1693701120.455962
28,0.0881,5.36,1693701135.9592342
28,0.0881,5.36,1693701151.4626079
32,0.1006,5.34,1693701166.966882
16,0.0503,5.36,1693701182.470182
24,0.0755,5.34,1693701197.9734702
24,0.0755,5.36,1693701213.4777884
36,0.1132,5.34,1693701228.9811206
24,0.0755,5.36,1693701244.4853995
44,0.1384,5.34,1693701259.9897552
32,0.1006,5.34,1693701275.4930441
16,0.0503,5.36,1693701290.997337
20,0.0629,5.34,1693701306.5016727
8,0.0252,5.36,1693701322.003873
8,0.0252,5.34,1693701337.508202
12,0.0377,5.34,1693701353.0125937
32,0.1006,5.34,1693701368.5159276
32,0.1006,5.34,1693701384.0201848
28,0.0881,5.36,1693701399.5235047
16,0.0503,5.31,1693701415.026783
40,0.1258,5.39,1693701430.5311134
36,0.1132,5.31,1693701446.0344236
32,0.1006,5.34,1693701461.537714
12,0.0377,5.36,1693701477.0420556
24,0.0755,5.36,1693701492.5453236
24,0.0755,5.34,1693701508.0486095
16,0.0503,5.36,1693701523.5530503
24,0.0755,5.34,1693701539.0562217
24,0.0755,5.34,1693701554.5595272
20,0.0629,5.34,1693701570.0638492
32,0.1006,5.34,1693701585.567215
24,0.0755,5.39,1693701601.070442
12,0.0377,5.34,1693701616.5747755
16,0.0503,5.34,1693701632.0780706
20,0.0629,5.36,1693701647.5823605
16,0.0503,5.34,1693701663.0866916
16,0.0503,5.34,1693701678.5900085
32,0.1006,5.34,1693701694.0943415
36,0.1132,5.34,1693701709.598624
40,0.1258,5.34,1693701725.1019473
20,0.0629,5.34,1693701740.6062455
24,0.0755,5.39,1693701756.1095479
24,0.0755,5.34,1693701771.6128273
24,0.0755,5.34,1693701787.1170845
64,0.2013,5.34,1693701802.6201956
24,0.0755,5.34,1693701818.1232975
32,0.1006,5.31,1693701833.6274202
12,0.0377,5.34,1693701849.1305451
32,0.1006,5.36,1693701864.6336882
36,0.1132,5.34,1693701880.1378236
20,0.0629,5.31,1693701895.6409688
16,0.0503,5.34,1693701911.144142
16,0.0503,5.34,1693701926.6482546
16,0.0503,5.34,1693701942.1513932
24,0.0755,5.34,1693701957.6545331
24,0.0755,5.34,1693701973.1587322
36,0.1132,5.34,1693701988.6619043
24,0.0755,5.36,1693702004.1650548
40,0.1258,5.36,1693702019.6692781
16,0.0503,5.36,1693702035.172382
32,0.1006,5.34,1693702050.6765876
32,0.1006,5.31,1693702066.1807625
20,0.0629,5.36,1693702081.6839416
8,0.0252,5.34,1693702097.1870549
52,0.1635,5.39,1693702112.6923368
28,0.0881,5.34,1693702128.1955538
32,0.1006,5.39,1693702143.6997244
32,0.1006,5.39,1693702159.2029223
20,0.0629,5.34,1693702174.7060983
28,0.0881,5.34,1693702190.2103305
12,0.0377,5.34,1693702205.7135105
28,0.0881,5.34,1693702221.2167351
44,0.1384,5.36,1693702236.7209973
32,0.1006,5.36,1693702252.2241564
36,0.1132,5.34,1693702267.7273486
36,0.1132,5.36,1693702283.2315712
28,0.0881,5.36,1693702298.7347918
20,0.0629,5.34,1693702314.2379901
32,0.1006,5.36,1693702329.7422078
12,0.0377,5.34,1693702345.245464
28,0.0881,5.34,1693702360.7486284
36,0.1132,5.31,1693702376.2528582
40,0.1258,5.34,1693702391.7560813
24,0.0755,5.34,1693702407.259293
24,0.0755,5.36,1693702422.7635365
32,0.1006,5.36,1693702438.266753
16,0.0503,5.39,1693702453.7710507
24,0.0755,5.36,1693702469.2752423
52,0.1635,5.39,1693702484.7784698
40,0.1258,5.39,1693702500.282717
20,0.0629,5.36,1693702515.7869658
32,0.1006,5.36,1693702531.2901776
44,0.1384,5.34,1693702546.7944427
48,0.1509,5.36,1693702562.2977188
16,0.0503,5.34,1693702577.8009136
48,0.1509,5.36,1693702593.3051567
32,0.1006,5.34,1693702608.8084333
4,0.0126,5.34,1693702624.3105705
16,0.0503,5.36,1693702639.8159032
24,0.0755,5.34,1693702655.3191319
28,0.0881,5.34,1693702670.8224158
20,0.0629,5.34,1693702686.3266358
32,0.1006,5.36,1693702701.8298647
20,0.0629,5.34,1693702717.3331168
28,0.0881,5.34,1693702732.8373578
32,0.1006,5.34,1693702748.3406062
36,0.1132,5.36,1693702763.8438869
40,0.1258,5.34,1693702779.3481631
36,0.1132,5.36,1693702794.85135
16,0.0503,5.34,1693702810.3546023
28,0.0881,5.34,1693702825.85887
16,0.0503,5.36,1693702841.3620987
48,0.1509,5.36,1693702856.866368
16,0.0503,5.36,1693702872.3706553
24,0.0755,5.36,1693702887.8739452
16,0.0503,5.36,1693702903.3781693
32,0.1006,5.36,1693702918.8824253
20,0.0629,5.39,1693702934.3856988
20,0.0629,5.36,1693702949.889997
40,0.1258,5.34,1693702965.3932033
36,0.1132,5.34,1693702980.8964486
32,0.1006,5.34,1693702996.4007604
36,0.1132,5.34,1693703011.9039876
28,0.0881,5.34,1693703027.4072146
32,0.1006,5.39,1693703042.9114962
8,0.0252,5.34,1693703058.4136803
20,0.0629,5.34,1693703073.9180243
48,0.1509,5.36,1693703089.4222817
20,0.0629,5.34,1693703104.9255974
20,0.0629,5.34,1693703120.4287884
8,0.0252,5.34,1693703135.9319992
32,0.1006,5.36,1693703151.436308
12,0.0377,5.36,1693703166.9395893
40,0.1258,5.36,1693703182.443832
44,0.1384,5.34,1693703197.9470997
8,0.0252,5.31,1693703213.4492939
32,0.1006,5.34,1693703228.954646
20,0.0629,5.39,1693703244.4579077
36,0.1132,5.34,1693703259.9621823
12,0.0377,5.36,1693703275.4664643
20,0.0629,5.36,1693703290.9697268
12,0.0377,5.34,1693703306.4739985
32,0.1006,5.36,1693703321.9783125
12,0.0377,5.36,1693703337.4815464
32,0.1006,5.34,1693703352.9858062
16,0.0503,5.34,1693703368.4890764
24,0.0755,5.34,1693703383.9923396
24,0.0755,5.36,1693703399.4966056
28,0.0881,5.31,1693703414.9998581
36,0.1132,5.34,1693703430.5031958
24,0.0755,5.34,1693703446.0074372
28,0.0881,5.36,1693703461.510691
12,0.0377,5.36,1693703477.0139446
20,0.0629,5.36,1693703492.518212
16,0.0503,5.34,1693703508.0214849
24,0.0755,5.31,1693703523.5247269
28,0.0881,5.34,1693703539.0290408
24,0.0755,5.36,1693703554.5322714
4,0.0126,5.36,1693703570.0344822
32,0.1006,5.34,1693703585.539833
24,0.0755,5.36,1693703601.0431068
20,0.0629,5.39,1693703616.546357
28,0.0881,5.34,1693703632.0506368
24,0.0755,5.34,1693703647.5539162
28,0.0881,5.36,1693703663.0581663
16,0.0503,5.34,1693703678.5624678
12,0.0377,5.34,1693703694.0657127
24,0.0755,5.36,1693703709.5700078
16,0.0503,5.36,1693703725.0742774
28,0.0881,5.34,1693703740.57756
24,0.0755,5.34,1693703756.0818765
32,0.1006,5.34,1693703771.5851
12,0.0377,5.36,1693703787.0883713
28,0.0881,5.34,1693703802.5926573
36,0.1132,5.34,1693703818.095911
24,0.0755,5.34,1693703833.5992396
24,0.0755,5.31,1693703849.1036532
16,0.0503,5.34,1693703864.6070385
24,0.0755,5.34,1693703880.1104457
8,0.0252,5.34,1693703895.6137493
16,0.0503,5.34,1693703911.118242
24,0.0755,5.34,1693703926.6216059
20,0.0629,5.34,1693703942.1260245
20,0.0629,5.34,1693703957.629379
20,0.0629,5.34,1693703973.1327353
32,0.1006,5.34,1693703988.6371439
28,0.0881,5.31,1693704004.1404014
20,0.0629,5.34,1693704019.6438687
32,0.1006,5.34,1693704035.1482573
16,0.0503,5.34,1693704050.651598
24,0.0755,5.36,1693704066.1559772
20,0.0629,5.34,1693704081.6604066
24,0.0755,5.34,1693704097.163712
24,0.0755,5.34,1693704112.668091
28,0.0881,5.39,1693704128.17248
28,0.0881,5.34,1693704143.675797
24,0.0755,5.36,1693704159.1801517
44,0.1384,5.34,1693704174.683512
12,0.0377,5.34,1693704190.1868384
32,0.1006,5.36,1693704205.691222
20,0.0629,5.36,1693704221.194534
8,0.0252,5.34,1693704236.6967964
20,0.0629,5.34,1693704252.2022386
52,0.1635,5.34,1693704267.705564
32,0.1006,5.31,1693704283.2088494
16,0.0503,5.34,1693704298.7132246
28,0.0881,5.31,1693704314.2164729
16,0.0503,5.34,1693704329.7198627
8,0.0252,5.36,1693704345.2231333
32,0.1006,5.34,1693704360.727538
20,0.0629,5.31,1693704376.2308664
28,0.0881,5.36,1693704391.73521
8,0.0252,5.31,1693704407.2374244
36,0.1132,5.34,1693704422.74186
28,0.0881,5.39,1693704438.246168
36,0.1132,5.36,1693704453.7495081
40,0.1258,5.36,1693704469.253816
24,0.0755,5.34,1693704484.7581475
36,0.1132,5.34,1693704500.2614968
20,0.0629,5.31,1693704515.7658203
28,0.0881,5.34,1693704531.2701666
20,0.0629,5.34,1693704546.7734506
20,0.0629,5.36,1693704562.277778
20,0.0629,5.36,1693704577.7810943
24,0.0755,5.34,1693704593.2843978
24,0.0755,5.29,1693704608.78862
8,0.0252,5.34,1693704624.2909596
36,0.1132,5.39,1693704639.7953522
40,0.1258,5.34,1693704655.2996745
20,0.0629,5.34,1693704670.8029737
28,0.0881,5.36,1693704686.3062623
32,0.1006,5.34,1693704701.810594
28,0.0881,5.34,1693704717.3139114
8,0.0252,5.34,1693704732.8161209
16,0.0503,5.34,1693704748.3215175
28,0.0881,5.36,1693704763.8248482
36,0.1132,5.36,1693704779.3281193
28,0.0881,5.34,1693704794.83242
56,0.1761,5.39,1693704810.3357377
36,0.1132,5.39,1693704825.8390532
24,0.0755,5.31,1693704841.3433588
28,0.0881,5.34,1693704856.8466296
40,0.1258,5.34,1693704872.3509586
20,0.0629,5.34,1693704887.8553064
32,0.1006,5.29,1693704903.3585117
28,0.0881,5.34,1693704918.8629081
16,0.0503,5.34,1693704934.367211
36,0.1132,5.34,1693704949.870495
24,0.0755,5.34,1693704965.3748145
36,0.1132,5.39,1693704980.878107
20,0.0629,5.34,1693704996.3814116
40,0.1258,5.34,1693705011.8857179
8,0.0252,5.34,1693705027.3879378
28,0.0881,5.36,1693705042.8922815
40,0.1258,5.34,1693705058.3966327
28,0.0881,5.34,1693705073.899919
44,0.1384,5.34,1693705089.4032176
24,0.0755,5.36,1693705104.9075243
20,0.0629,5.31,1693705120.4108288
24,0.0755,5.34,1693705135.91411
20,0.0629,5.36,1693705151.4184196
20,0.0629,5.34,1693705166.921693
20,0.0629,5.34,1693705182.4250183
28,0.0881,5.31,1693705197.9293091
24,0.0755,5.36,1693705213.4325914
40,0.1258,5.34,1693705228.9358673
12,0.0377,5.34,1693705244.4401963
16,0.0503,5.34,1693705259.9434767
20,0.0629,5.36,1693705275.4477909
32,0.1006,5.34,1693705290.9520936
24,0.0755,5.36,1693705306.4554033
28,0.0881,5.36,1693705321.9596858
20,0.0629,5.31,1693705337.4639983
24,0.0755,5.36,1693705352.9672835
16,0.0503,5.36,1693705368.4716094
28,0.0881,5.34,1693705383.974884
28,0.0881,5.34,1693705399.4781625
16,0.0503,5.34,1693705414.9824572
28,0.0881,5.36,1693705430.4857774
20,0.0629,5.36,1693705445.9890366
16,0.0503,5.36,1693705461.4934754
16,0.0503,5.34,1693705476.9966369
24,0.0755,5.36,1693705492.499931
28,0.0881,5.31,1693705508.004255
28,0.0881,5.36,1693705523.5075357
28,0.0881,5.34,1693705539.0107894
20,0.0629,5.34,1693705554.5151074
12,0.0377,5.39,1693705570.018395
32,0.1006,5.34,1693705585.521676
24,0.0755,5.34,1693705601.0259852
20,0.0629,5.34,1693705616.529266
24,0.0755,5.31,1693705632.0325463
48,0.1509,5.34,1693705647.536841
32,0.1006,5.36,1693705663.0401523
12,0.0377,5.36,1693705678.5444593
28,0.0881,5.34,1693705694.04874
0,0.0000,5.31,1693705709.5509293
28,0.0881,5.34,1693705725.0563567
28,0.0881,5.31,1693705740.5606587
44,0.1384,5.34,1693705756.063925
28,0.0881,5.36,1693705771.568238
16,0.0503,5.34,1693705787.0714946
20,0.0629,5.31,1693705802.5746965
24,0.0755,5.34,1693705818.079093
32,0.1006,5.36,1693705833.5823913
8,0.0252,5.34,1693705849.0845878
24,0.0755,5.34,1693705864.5899627
32,0.1006,5.31,1693705880.0933146
20,0.0629,5.34,1693705895.596712
28,0.0881,5.34,1693705911.1010964
40,0.1258,5.34,1693705926.6045198
12,0.0377,5.34,1693705942.1078851
36,0.1132,5.34,1693705957.612298
20,0.0629,5.36,1693705973.1156812
40,0.1258,5.36,1693705988.6191068
20,0.0629,5.31,1693706004.1234713
24,0.0755,5.36,1693706019.6268475
36,0.1132,5.34,1693706035.130221
28,0.0881,5.36,1693706050.6346414
32,0.1006,5.36,1693706066.1379988
16,0.0503,5.36,1693706081.642405
20,0.0629,5.34,1693706097.146796
20,0.0629,5.34,1693706112.65015
16,0.0503,5.34,1693706128.15454
32,0.1006,5.34,1693706143.6589217
32,0.1006,5.34,1693706159.1622546
12,0.0377,5.36,1693706174.6666417
20,0.0629,5.34,1693706190.1700027
8,0.0252,5.36,1693706205.672279
16,0.0503,5.36,1693706221.1777346
24,0.0755,5.34,1693706236.6810832
20,0.0629,5.34,1693706252.1844177
12,0.0377,5.34,1693706267.688783
32,0.1006,5.34,1693706283.192152
32,0.1006,5.34,1693706298.6954563
16,0.0503,5.34,1693706314.1998641
16,0.0503,5.36,1693706329.7031958
32,0.1006,5.36,1693706345.2065215
28,0.0881,5.36,1693706360.7108822
12,0.0377,5.34,1693706376.2142477
32,0.1006,5.34,1693706391.7175827
20,0.0629,5.39,1693706407.2219071
40,0.1258,5.36,1693706422.7252884
24,0.0755,5.34,1693706438.2285545
24,0.0755,5.34,1693706453.7329202
12,0.0377,5.34,1693706469.236268
12,0.0377,5.31,1693706484.7405884
28,0.0881,5.34,1693706500.2450306
32,0.1006,5.34,1693706515.7482598
20,0.0629,5.34,1693706531.252654
16,0.0503,5.36,1693706546.7570665
24,0.0755,5.31,1693706562.2602732
24,0.0755,5.34,1693706577.7646363
32,0.1006,5.34,1693706593.2679608
28,0.0881,5.34,1693706608.7712934
8,0.0252,5.34,1693706624.2745488
44,0.1384,5.36,1693706639.7789755
40,0.1258,5.34,1693706655.2822592
28,0.0881,5.39,1693706670.7866156
16,0.0503,5.36,1693706686.2899325
28,0.0881,5.31,1693706701.793126
16,0.0503,5.31,1693706717.2975702
24,0.0755,5.34,1693706732.8008595
24,0.0755,5.34,1693706748.3041852
12,0.0377,5.36,1693706763.8085392
36,0.1132,5.36,1693706779.311852
36,0.1132,5.34,1693706794.8151288
16,0.0503,5.34,1693706810.31949
36,0.1132,5.31,1693706825.822811
28,0.0881,5.36,1693706841.3261018
28,0.0881,5.34,1693706856.83044
16,0.0503,5.36,1693706872.3337405
16,0.0503,5.36,1693706887.838093
44,0.1384,5.36,1693706903.342406
28,0.0881,5.39,1693706918.8457136
32,0.1006,5.39,1693706934.3500881
12,0.0377,5.34,1693706949.8543782
28,0.0881,5.36,1693706965.357762
12,0.0377,5.39,1693706980.862044
20,0.0629,5.34,1693706996.3653378
28,0.0881,5.34,1693707011.868642
24,0.0755,5.36,1693707027.3729994
28,0.0881,5.34,1693707042.876288
24,0.0755,5.34,1693707058.37958
24,0.0755,5.34,1693707073.8838923
24,0.0755,5.39,1693707089.3871875
20,0.0629,5.34,1693707104.890501
28,0.0881,5.31,1693707120.3948603
24,0.0755,5.36,1693707135.8981483
16,0.0503,5.34,1693707151.4014692
20,0.0629,5.34,1693707166.905772
12,0.0377,5.34,1693707182.4090836
24,0.0755,5.34,1693707197.9123821
40,0.1258,5.34,1693707213.4167202
44,0.1384,5.36,1693707228.9200263
44,0.1384,5.31,1693707244.4233246
12,0.0377,5.34,1693707259.927653
20,0.0629,5.34,1693707275.4309597
20,0.0629,5.31,1693707290.9352753
24,0.0755,5.31,1693707306.4394865
24,0.0755,5.36,1693707321.9428952
16,0.0503,5.36,1693707337.4471843
32,0.1006,5.34,1693707352.9515183
40,0.1258,5.36,1693707368.454815
32,0.1006,5.34,1693707383.959127
24,0.0755,5.31,1693707399.4624236
20,0.0629,5.39,1693707414.96574
12,0.0377,5.34,1693707430.4700785
16,0.0503,5.34,1693707445.9733639
28,0.0881,5.36,1693707461.4766617
24,0.0755,5.34,1693707476.981013
24,0.0755,5.34,1693707492.4842923
28,0.0881,5.36,1693707507.987576
28,0.0881,5.31,1693707523.4919007
28,0.0881,5.34,1693707538.995199
24,0.0755,5.31,1693707554.498517
28,0.0881,5.36,1693707570.0028229
8,0.0252,5.31,1693707585.5050447
20,0.0629,5.36,1693707601.0094194
8,0.0252,5.34,1693707616.512671
24,0.0755,5.36,1693707632.0170522
12,0.0377,5.34,1693707647.5203238
20,0.0629,5.39,1693707663.024662
32,0.1006,5.34,1693707678.5279207
16,0.0503,5.36,1693707694.0322664
28,0.0881,5.39,1693707709.536601
28,0.0881,5.31,1693707725.0398767
28,0.0881,5.36,1693707740.5441942
28,0.0881,5.34,1693707756.048515
24,0.0755,5.31,1693707771.5518138
24,0.0755,5.34,1693707787.05614
24,0.0755,5.36,1693707802.5594304
24,0.0755,5.34,1693707818.0627203
12,0.0377,5.36,1693707833.567035
20,0.0629,5.34,1693707849.07034
40,0.1258,5.34,1693707864.573649
20,0.0629,5.31,1693707880.0779738
36,0.1132,5.34,1693707895.5812683
28,0.0881,5.34,1693707911.0845492
24,0.0755,5.34,1693707926.5889072
24,0.0755,5.34,1693707942.0922084
40,0.1258,5.34,1693707957.5955245
24,0.0755,5.34,1693707973.099872
36,0.1132,5.34,1693707988.603221
12,0.0377,5.31,1693708004.1065497
16,0.0503,5.34,1693708019.610877
28,0.0881,5.36,1693708035.114234
24,0.0755,5.34,1693708050.6175227
28,0.0881,5.34,1693708066.1218934
20,0.0629,5.34,1693708081.625227
24,0.0755,5.36,1693708097.1295645
36,0.1132,5.34,1693708112.6338944
24,0.0755,5.34,1693708128.1372437
20,0.0629,5.34,1693708143.6415582
20,0.0629,5.34,1693708159.1458926
16,0.0503,5.39,1693708174.6492608
28,0.0881,5.34,1693708190.1535761
40,0.1258,5.34,1693708205.6567693
32,0.1006,5.36,1693708221.1602051
40,0.1258,5.34,1693708236.6645422
28,0.0881,5.34,1693708252.1678455
20,0.0629,5.34,1693708267.6711586
32,0.1006,5.34,1693708283.1755247
24,0.0755,5.31,1693708298.6788533
28,0.0881,5.36,1693708314.1821463
24,0.0755,5.34,1693708329.686485
32,0.1006,5.36,1693708345.189792
20,0.0629,5.34,1693708360.6931064
16,0.0503,5.34,1693708376.1974432
36,0.1132,5.34,1693708391.700743
16,0.0503,5.36,1693708407.204056
12,0.0377,5.31,1693708422.7083972
32,0.1006,5.31,1693708438.2117496
12,0.0377,5.36,1693708453.7150226
48,0.1509,5.34,1693708469.219339
20,0.0629,5.34,1693708484.722643
20,0.0629,5.34,1693708500.2269876
24,0.0755,5.31,1693708515.731332
20,0.0629,5.34,1693708531.23463
20,0.0629,5.34,1693708546.7389762
40,0.1258,5.31,1693708562.2432806
28,0.0881,5.36,1693708577.7465968
20,0.0629,5.36,1693708593.250932
8,0.0252,5.34,1693708608.7531478
20,0.0629,5.34,1693708624.2575176
28,0.0881,5.34,1693708639.7618656
20,0.0629,5.34,1693708655.2651935
32,0.1006,5.34,1693708670.7684755
16,0.0503,5.34,1693708686.272779
20,0.0629,5.34,1693708701.7761025
16,0.0503,5.34,1693708717.2793996
16,0.0503,5.36,1693708732.7837415
20,0.0629,5.39,1693708748.2870655
12,0.0377,5.34,1693708763.7904177
28,0.0881,5.29,1693708779.2947056
36,0.1132,5.39,1693708794.7979994
48,0.1509,5.36,1693708810.301318
40,0.1258,5.34,1693708825.8056579
20,0.0629,5.31,1693708841.3089747
24,0.0755,5.34,1693708856.812231
20,0.0629,5.34,1693708872.3166192
24,0.0755,5.31,1693708887.8198557
20,0.0629,5.34,1693708903.324162
24,0.0755,5.34,1693708918.8284934
28,0.0881,5.34,1693708934.3318186
32,0.1006,5.34,1693708949.8361447
8,0.0252,5.34,1693708965.339398
24,0.0755,5.34,1693708980.8438175
28,0.0881,5.31,1693708996.3480935
32,0.1006,5.29,1693709011.8513854
24,0.0755,5.34,1693709027.3546765
20,0.0629,5.34,1693709042.8590071
28,0.0881,5.34,1693709058.362353
24,0.0755,5.31,1693709073.8656147
32,0.1006,5.34,1693709089.3699894
32,0.1006,5.31,1693709104.8731406
44,0.1384,5.34,1693709120.3764412
28,0.0881,5.34,1693709135.88085
40,0.1258,5.31,1693709151.384173
12,0.0377,5.34,1693709166.8874576
20,0.0629,5.36,1693709182.3917983
32,0.1006,5.34,1693709197.8950863
40,0.1258,5.34,1693709213.3983796
28,0.0881,5.31,1693709228.9027357
28,0.0881,5.34,1693709244.4060156
24,0.0755,5.34,1693709259.909316
24,0.0755,5.36,1693709275.4136295
28,0.0881,5.34,1693709290.9169164
24,0.0755,5.34,1693709306.421254
28,0.0881,5.31,1693709321.9267573
40,0.1258,5.31,1693709337.4288738
20,0.0629,5.34,1693709352.933203
20,0.0629,5.34,1693709368.4375324
16,0.0503,5.36,1693709383.9408348
40,0.1258,5.34,1693709399.4451442
44,0.1384,5.29,1693709414.9484084
24,0.0755,5.34,1693709430.4517415
16,0.0503,5.34,1693709445.9560556
40,0.1258,5.31,1693709461.4593573
36,0.1132,5.34,1693709476.962663
40,0.1258,5.34,1693709492.4669743
28,0.0881,5.34,1693709507.9702945
20,0.0629,5.31,1693709523.47358
16,0.0503,5.36,1693709538.977931
24,0.0755,5.34,1693709554.4812272
20,0.0629,5.39,1693709569.9845102
32,0.1006,5.36,1693709585.4888237
52,0.1635,5.31,1693709600.9921215
32,0.1006,5.36,1693709616.495419
20,0.0629,5.36,1693709631.9997718
20,0.0629,5.34,1693709647.5030384
24,0.0755,5.34,1693709663.0063431
20,0.0629,5.36,1693709678.5106764
24,0.0755,5.34,1693709694.0139763
20,0.0629,5.34,1693709709.5182981
28,0.0881,5.36,1693709725.0226262
24,0.0755,5.34,1693709740.5259168
20,0.0629,5.36,1693709756.0302248
40,0.1258,5.39,1693709771.5345538
28,0.0881,5.34,1693709787.0378582
24,0.0755,5.34,1693709802.5421746
36,0.1132,5.34,1693709818.0454683
20,0.0629,5.36,1693709833.5487697
20,0.0629,5.36,1693709849.0530865
32,0.1006,5.34,1693709864.5563822
32,0.1006,5.34,1693709880.0596728
32,0.1006,5.34,1693709895.5640044
28,0.0881,5.34,1693709911.0673168
28,0.0881,5.34,1693709926.5706208
24,0.0755,5.34,1693709942.074931
20,0.0629,5.34,1693709957.578236
16,0.0503,5.34,1693709973.0815372
36,0.1132,5.34,1693709988.5858383
20,0.0629,5.34,1693710004.0891423
28,0.0881,5.34,1693710019.592471
20,0.0629,5.36,1693710035.096783
28,0.0881,5.34,1693710050.6000633
36,0.1132,5.34,1693710066.1033607
28,0.0881,5.31,1693710081.6076825
16,0.0503,5.36,1693710097.1109712
16,0.0503,5.34,1693710112.615297
20,0.0629,5.34,1693710128.119621
16,0.0503,5.36,1693710143.6229014
8,0.0252,5.31,1693710159.1261654
20,0.0629,5.34,1693710174.6315527
16,0.0503,5.34,1693710190.1348462
16,0.0503,5.36,1693710205.6391613
8,0.0252,5.34,1693710221.1413891
24,0.0755,5.36,1693710236.6457894
28,0.0881,5.34,1693710252.1500943
20,0.0629,5.34,1693710267.6533747
12,0.0377,5.34,1693710283.156697
20,0.0629,5.34,1693710298.6610334
12,0.0377,5.34,1693710314.1643178
20,0.0629,5.34,1693710329.6676028
20,0.0629,5.34,1693710345.1719677
12,0.0377,5.34,1693710360.675241
28,0.0881,5.34,1693710376.17853
20,0.0629,5.39,1693710391.6828506
44,0.1384,5.31,1693710407.1861238
32,0.1006,5.34,1693710422.6894598
24,0.0755,5.34,1693710438.1937761
40,0.1258,5.36,1693710453.697109
24,0.0755,5.34,1693710469.200338
12,0.0377,5.31,1693710484.7046802
24,0.0755,5.39,1693710500.207993
16,0.0503,5.34,1693710515.7122772
36,0.1132,5.34,1693710531.216613
12,0.0377,5.34,1693710546.7199059
20,0.0629,5.36,1693710562.2242742
20,0.0629,5.31,1693710577.7285626
20,0.0629,5.39,1693710593.231841
8,0.0252,5.31,1693710608.735096
12,0.0377,5.31,1693710624.2394905
24,0.0755,5.31,1693710639.7427855
8,0.0252,5.34,1693710655.2460172
24,0.0755,5.34,1693710670.7504308
28,0.0881,5.34,1693710686.2537122
36,0.1132,5.31,1693710701.7580345
36,0.1132,5.34,1693710717.2613194
16,0.0503,5.39,1693710732.764614
20,0.0629,5.36,1693710748.269054
16,0.0503,5.34,1693710763.7722464
28,0.0881,5.34,1693710779.27553
28,0.0881,5.34,1693710794.7798502
40,0.1258,5.39,1693710810.2831607
24,0.0755,5.34,1693710825.786443
32,0.1006,5.31,1693710841.2907531
16,0.0503,5.34,1693710856.794058
40,0.1258,5.34,1693710872.2973485
12,0.0377,5.34,1693710887.801704
20,0.0629,5.31,1693710903.305017
20,0.0629,5.34,1693710918.8092833
36,0.1132,5.34,1693710934.3136168
44,0.1384,5.36,1693710949.8169067
24,0.0755,5.34,1693710965.3212404
40,0.1258,5.34,1693710980.8255308
20,0.0629,5.31,1693710996.3288383
28,0.0881,5.36,1693711011.8331578
28,0.0881,5.34,1693711027.3364642
24,0.0755,5.36,1693711042.8397512
40,0.1258,5.34,1693711058.3440888
12,0.0377,5.34,1693711073.847391
28,0.0881,5.36,1693711089.3506813
24,0.0755,5.31,1693711104.8549957
40,0.1258,5.34,1693711120.358277
40,0.1258,5.36,1693711135.861628
16,0.0503,5.31,1693711151.3659046
16,0.0503,5.36,1693711166.869211
28,0.0881,5.34,1693711182.372497
16,0.0503,5.31,1693711197.8768306
28,0.0881,5.36,1693711213.3801377
12,0.0377,5.34,1693711228.883432
24,0.0755,5.31,1693711244.387742
20,0.0629,5.34,1693711259.8910298
8,0.0252,5.34,1693711275.393337
40,0.1258,5.34,1693711290.8986685
12,0.0377,5.36,1693711306.4019687
24,0.0755,5.29,1693711321.906294
32,0.1006,5.36,1693711337.41058
32,0.1006,5.36,1693711352.9138994
16,0.0503,5.34,1693711368.4182258
20,0.0629,5.34,1693711383.922558
24,0.0755,5.31,1693711399.425844
24,0.0755,5.34,1693711414.9301856
28,0.0881,5.34,1693711430.4334693
28,0.0881,5.31,1693711445.9367745
12,0.0377,5.34,1693711461.4410744
28,0.0881,5.36,1693711476.944385
28,0.0881,5.34,1693711492.4476895
32,0.1006,5.34,1693711507.9519918
20,0.0629,5.34,1693711523.4551845
12,0.0377,5.34,1693711538.9585724
52,0.1635,5.36,1693711554.4628873
40,0.1258,5.34,1693711569.9661973
24,0.0755,5.34,1693711585.4695106
16,0.0503,5.34,1693711600.9738216
36,0.1132,5.34,1693711616.4771008
36,0.1132,5.34,1693711631.9803932
16,0.0503,5.34,1693711647.4847214
36,0.1132,5.39,1693711662.9880338
20,0.0629,5.36,1693711678.4913535
24,0.0755,5.31,1693711693.9956386
12,0.0377,5.36,1693711709.498984
28,0.0881,5.36,1693711725.00328
44,0.1384,5.34,1693711740.5075672
48,0.1509,5.36,1693711756.0109003
20,0.0629,5.36,1693711771.5152194
32,0.1006,5.34,1693711787.019536
36,0.1132,5.34,1693711802.5228322
16,0.0503,5.39,1693711818.0271409
24,0.0755,5.34,1693711833.5304377
16,0.0503,5.34,1693711849.033756
20,0.0629,5.34,1693711864.5380611
16,0.0503,5.36,1693711880.0413787
8,0.0252,5.34,1693711895.5435767
20,0.0629,5.34,1693711911.0490372
40,0.1258,5.34,1693711926.5523157
24,0.0755,5.39,1693711942.055564
28,0.0881,5.34,1693711957.559903
24,0.0755,5.34,1693711973.0631866
32,0.1006,5.34,1693711988.56647
20,0.0629,5.31,1693712004.070807
20,0.0629,5.34,1693712019.5740993
36,0.1132,5.36,1693712035.0773852
28,0.0881,5.36,1693712050.5817564
24,0.0755,5.34,1693712066.0850737
16,0.0503,5.29,1693712081.5883992
12,0.0377,5.36,1693712097.0927334
36,0.1132,5.34,1693712112.5959394
36,0.1132,5.39,1693712128.1003852
28,0.0881,5.34,1693712143.604774
32,0.1006,5.36,1693712159.1080296
12,0.0377,5.36,1693712174.6123745
32,0.1006,5.36,1693712190.116688
24,0.0755,5.34,1693712205.6200032
8,0.0252,5.34,1693712221.123265
16,0.0503,5.34,1693712236.627685
36,0.1132,5.34,1693712252.131063
36,0.1132,5.34,1693712267.6353276
28,0.0881,5.34,1693712283.1386397
24,0.0755,5.34,1693712298.6419609
24,0.0755,5.34,1693712314.1462853
48,0.1509,5.34,1693712329.6496112
16,0.0503,5.34,1693712345.1529205
16,0.0503,5.36,1693712360.657254
28,0.0881,5.34,1693712376.160539
12,0.0377,5.34,1693712391.6638434
48,0.1509,5.36,1693712407.1681874
20,0.0629,5.34,1693712422.671506
8,0.0252,5.34,1693712438.1737432
4,0.0126,5.31,1693712453.6780334
24,0.0755,5.34,1693712469.1824334
28,0.0881,5.34,1693712484.6857457
20,0.0629,5.34,1693712500.19007
4,0.0126,5.36,1693712515.692293
36,0.1132,5.34,1693712531.1977234
28,0.0881,5.34,1693712546.7020636
20,0.0629,5.34,1693712562.2053509
28,0.0881,5.31,1693712577.709683
32,0.1006,5.31,1693712593.2140188
24,0.0755,5.34,1693712608.7173457
8,0.0252,5.34,1693712624.2205725
20,0.0629,5.36,1693712639.725002
16,0.0503,5.34,1693712655.2282517
20,0.0629,5.34,1693712670.7326112
28,0.0881,5.34,1693712686.235914
24,0.0755,5.34,1693712701.739175
12,0.0377,5.34,1693712717.2435267
24,0.0755,5.39,1693712732.7468178
16,0.0503,5.31,1693712748.2501245
20,0.0629,5.34,1693712763.7544646
48,0.1509,5.34,1693712779.2577395
28,0.0881,5.36,1693712794.7610424
32,0.1006,5.39,1693712810.2653708
20,0.0629,5.36,1693712825.768672
28,0.0881,5.36,1693712841.271995
32,0.1006,5.39,1693712856.7763212
16,0.0503,5.39,1693712872.279618
32,0.1006,5.34,1693712887.7829237
32,0.1006,5.36,1693712903.287246
28,0.0881,5.36,1693712918.7905705
24,0.0755,5.34,1693712934.294894
24,0.0755,5.34,1693712949.7992218
12,0.0377,5.36,1693712965.3025382
32,0.1006,5.31,1693712980.8068538
24,0.0755,5.34,1693712996.3111665
32,0.1006,5.34,1693713011.814497
20,0.0629,5.34,1693713027.318785
24,0.0755,5.36,1693713042.8220758
20,0.0629,5.34,1693713058.3254235
36,0.1132,5.34,1693713073.8297367
36,0.1132,5.34,1693713089.3330421
20,0.0629,5.31,1693713104.8363266
24,0.0755,5.31,1693713120.3406284
24,0.0755,5.34,1693713135.8439739
12,0.0377,5.34,1693713151.3472774
28,0.0881,5.34,1693713166.851578
24,0.0755,5.34,1693713182.3549263
36,0.1132,5.34,1693713197.8581665
4,0.0126,5.34,1693713213.361435
24,0.0755,5.34,1693713228.8658092
32,0.1006,5.31,1693713244.3691146
20,0.0629,5.34,1693713259.8734558
24,0.0755,5.36,1693713275.3767462
28,0.0881,5.36,1693713290.880047
24,0.0755,5.39,1693713306.384363
16,0.0503,5.34,1693713321.8876882
36,0.1132,5.34,1693713337.3919888
24,0.0755,5.36,1693713352.8963115
32,0.1006,5.34,1693713368.399632
24,0.0755,5.34,1693713383.9039638
12,0.0377,5.36,1693713399.408305
28,0.0881,5.31,1693713414.9115894
28,0.0881,5.34,1693713430.4158735
16,0.0503,5.31,1693713445.9192107
40,0.1258,5.36,1693713461.4225037
12,0.0377,5.34,1693713476.9268196
8,0.0252,5.34,1693713492.4290252
24,0.0755,5.36,1693713507.9335053
28,0.0881,5.31,1693713523.4377546
24,0.0755,5.36,1693713538.9410655
32,0.1006,5.31,1693713554.4443254
56,0.1761,5.36,1693713569.948667
28,0.0881,5.31,1693713585.4519684
60,0.1887,5.34,1693713600.9552908
44,0.1384,5.34,1693713616.459588
16,0.0503,5.34,1693713631.9629164
16,0.0503,5.34,1693713647.4662066
24,0.0755,5.34,1693713662.9705405
32,0.1006,5.34,1693713678.4738264
24,0.0755,5.34,1693713693.9771192
36,0.1132,5.34,1693713709.4814699
32,0.1006,5.34,1693713724.9847612
24,0.0755,5.39,1693713740.4890788
28,0.0881,5.34,1693713755.9934247
36,0.1132,5.34,1693713771.4967158
24,0.0755,5.36,1693713787.001058
28,0.0881,5.36,1693713802.5053582
16,0.0503,5.34,1693713818.0086582
12,0.0377,5.34,1693713833.513032
44,0.1384,5.34,1693713849.016299
32,0.1006,5.34,1693713864.51957
4,0.0126,5.36,1693713880.0228264
44,0.1384,5.34,1693713895.5272002
20,0.0629,5.36,1693713911.0304952
28,0.0881,5.31,1693713926.5347073
32,0.1006,5.36,1693713942.0381176
36,0.1132,5.34,1693713957.5414162
16,0.0503,5.36,1693713973.045727
20,0.0629,5.36,1693713988.5490527
28,0.0881,5.39,1693714004.052349
8,0.0252,5.31,1693714019.5555775
16,0.0503,5.34,1693714035.0599642
24,0.0755,5.34,1693714050.5632765
56,0.1761,5.34,1693714066.067582
24,0.0755,5.34,1693714081.5707114
16,0.0503,5.34,1693714097.073831
48,0.1509,5.31,1693714112.5780141
48,0.1509,5.36,1693714128.0811174
16,0.0503,5.34,1693714143.585249
44,0.1384,5.34,1693714159.0894096
36,0.1132,5.34,1693714174.5925422
28,0.0881,5.34,1693714190.0967221
24,0.0755,5.31,1693714205.6007822
8,0.0252,5.31,1693714221.102957
20,0.0629,5.34,1693714236.6082172
24,0.0755,5.31,1693714252.1113691
16,0.0503,5.31,1693714267.6145406
20,0.0629,5.36,1693714283.1187425
24,0.0755,5.34,1693714298.621884
28,0.0881,5.34,1693714314.125099
24,0.0755,5.36,1693714329.6292768
24,0.0755,5.31,1693714345.132444
40,0.1258,5.34,1693714360.6356065
20,0.0629,5.34,1693714376.1397953
24,0.0755,5.34,1693714391.6430213
20,0.0629,5.34,1693714407.1462228
28,0.0881,5.34,1693714422.6504087
24,0.0755,5.31,1693714438.1535833
20,0.0629,5.36,1693714453.656805
36,0.1132,5.31,1693714469.161044
20,0.0629,5.39,1693714484.6642022
48,0.1509,5.34,1693714500.1674378
16,0.0503,5.34,1693714515.671652
20,0.0629,5.34,1693714531.174874
32,0.1006,5.39,1693714546.6790788
32,0.1006,5.36,1693714562.183349
16,0.0503,5.31,1693714577.6865602
20,0.0629,5.34,1693714593.1907928
52,0.1635,5.34,1693714608.6950505
40,0.1258,5.34,1693714624.1982682
28,0.0881,5.36,1693714639.7025037
28,0.0881,5.39,1693714655.2057092
16,0.0503,5.34,1693714670.7089787
28,0.0881,5.34,1693714686.2132275
28,0.0881,5.39,1693714701.7164242
24,0.0755,5.31,1693714717.2196624
32,0.1006,5.34,1693714732.723905
24,0.0755,5.34,1693714748.2271245
44,0.1384,5.34,1693714763.7303848
32,0.1006,5.31,1693714779.2346241
44,0.1384,5.31,1693714794.7378557
20,0.0629,5.36,1693714810.2410958
12,0.0377,5.36,1693714825.7453632
24,0.0755,5.34,1693714841.2486067
36,0.1132,5.34,1693714856.7518473
16,0.0503,5.34,1693714872.256113
16,0.0503,5.34,1693714887.7593486
36,0.1132,5.34,1693714903.2626083
12,0.0377,5.31,1693714918.7668653
8,0.0252,5.34,1693714934.2690578
28,0.0881,5.34,1693714949.7743886
20,0.0629,5.36,1693714965.2786577
20,0.0629,5.34,1693714980.7819169
24,0.0755,5.34,1693714996.2861688
36,0.1132,5.34,1693715011.7904685
20,0.0629,5.36,1693715027.293729
16,0.0503,5.36,1693715042.79798
32,0.1006,5.34,1693715058.301234
40,0.1258,5.34,1693715073.804506
28,0.0881,5.34,1693715089.3087695
16,0.0503,5.34,1693715104.811921
36,0.1132,5.36,1693715120.3152728
12,0.0377,5.34,1693715135.8195522
24,0.0755,5.34,1693715151.3228204
28,0.0881,5.34,1693715166.8260782
24,0.0755,5.34,1693715182.3303647
24,0.0755,5.34,1693715197.8336189
24,0.0755,5.36,1693715213.336873
32,0.1006,5.36,1693715228.8411372
20,0.0629,5.39,1693715244.344411
24,0.0755,5.36,1693715259.8477297
28,0.0881,5.34,1693715275.351949
32,0.1006,5.34,1693715290.8552
8,0.0252,5.36,1693715306.3574333
36,0.1132,5.36,1693715321.8627782
36,0.1132,5.34,1693715337.366053
28,0.0881,5.34,1693715352.8703096
12,0.0377,5.31,1693715368.3746612
24,0.0755,5.34,1693715383.8778715
16,0.0503,5.34,1693715399.382184
12,0.0377,5.34,1693715414.8864737
16,0.0503,5.36,1693715430.3897336
24,0.0755,5.36,1693715445.894017
32,0.1006,5.36,1693715461.3972912
28,0.0881,5.34,1693715476.9006085
16,0.0503,5.36,1693715492.404865
20,0.0629,5.36,1693715507.9081247
44,0.1384,5.34,1693715523.411372
28,0.0881,5.31,1693715538.9156744
32,0.1006,5.36,1693715554.4189358
24,0.0755,5.36,1693715569.9222002
36,0.1132,5.34,1693715585.4265714
24,0.0755,5.34,1693715600.9297864
32,0.1006,5.36,1693715616.4330454
20,0.0629,5.39,1693715631.9373262
20,0.0629,5.31,1693715647.4406023
4,0.0126,5.39,1693715662.9427938
8,0.0252,5.34,1693715678.4471037
16,0.0503,5.34,1693715693.951451
12,0.0377,5.31,1693715709.454716
44,0.1384,5.39,1693715724.9589987
28,0.0881,5.34,1693715740.4622655
8,0.0252,5.34,1693715755.9655383
28,0.0881,5.34,1693715771.4708805
40,0.1258,5.36,1693715786.9741518
20,0.0629,5.34,1693715802.4784267
24,0.0755,5.34,1693715817.9827347
24,0.0755,5.31,1693715833.486036
28,0.0881,5.31,1693715848.9903324
20,0.0629,5.34,1693715864.4935865
16,0.0503,5.34,1693715879.996834
20,0.0629,5.31,1693715895.5011668
32,0.1006,5.36,1693715911.0044286
20,0.0629,5.31,1693715926.5077252
20,0.0629,5.34,1693715942.0120156
24,0.0755,5.36,1693715957.5152814
20,0.0629,5.34,1693715973.0185623
20,0.0629,5.34,1693715988.522838
24,0.0755,5.36,1693716004.0260081
24,0.0755,5.34,1693716019.5294063
20,0.0629,5.36,1693716035.0336812
44,0.1384,5.34,1693716050.5369797
28,0.0881,5.36,1693716066.0402453
4,0.0126,5.31,1693716081.5434558
20,0.0629,5.34,1693716097.0478022
36,0.1132,5.36,1693716112.5510705
8,0.0252,5.31,1693716128.0543761
20,0.0629,5.34,1693716143.5588765
8,0.0252,5.31,1693716159.0621872
28,0.0881,5.34,1693716174.5676827
32,0.1006,5.31,1693716190.0710816
52,0.1635,5.39,1693716205.575451
20,0.0629,5.31,1693716221.079838
12,0.0377,5.34,1693716236.5832279
24,0.0755,5.29,1693716252.0876029
20,0.0629,5.36,1693716267.5909872
40,0.1258,5.36,1693716283.0943356
8,0.0252,5.31,1693716298.597646
36,0.1132,5.34,1693716314.102114
32,0.1006,5.34,1693716329.6054397
32,0.1006,5.36,1693716345.1101155
36,0.1132,5.34,1693716360.613192
20,0.0629,5.34,1693716376.1165447
32,0.1006,5.34,1693716391.620912
8,0.0252,5.34,1693716407.1231594
24,0.0755,5.34,1693716422.6276333
16,0.0503,5.36,1693716438.131975
20,0.0629,5.36,1693716453.6353054
48,0.1509,5.34,1693716469.1386425
20,0.0629,5.34,1693716484.6430228
20,0.0629,5.34,1693716500.1463678
32,0.1006,5.34,1693716515.6496878
12,0.0377,5.34,1693716531.1540759
28,0.0881,5.34,1693716546.6573887
20,0.0629,5.34,1693716562.1617582
36,0.1132,5.36,1693716577.6660812
8,0.0252,5.34,1693716593.1683493
20,0.0629,5.34,1693716608.673788
20,0.0629,5.31,1693716624.178139
44,0.1384,5.34,1693716639.6814728
20,0.0629,5.34,1693716655.185802
36,0.1132,5.34,1693716670.68912
36,0.1132,5.34,1693716686.1924396
28,0.0881,5.34,1693716701.6967885
20,0.0629,5.36,1693716717.2001057
20,0.0629,5.36,1693716732.703446
40,0.1258,5.34,1693716748.2077868
28,0.0881,5.31,1693716763.7110841
8,0.0252,5.34,1693716779.2133214
32,0.1006,5.34,1693716794.7187462
16,0.0503,5.34,1693716810.2220657
12,0.0377,5.31,1693716825.7253878
44,0.1384,5.34,1693716841.2297971
20,0.0629,5.34,1693716856.733088
24,0.0755,5.31,1693716872.2363691
12,0.0377,5.31,1693716887.7406883
36,0.1132,5.31,1693716903.2439167
24,0.0755,5.34,1693716918.747318
16,0.0503,5.34,1693716934.2516513
16,0.0503,5.36,1693716949.7549675
28,0.0881,5.31,1693716965.2593162
28,0.0881,5.34,1693716980.7636428
16,0.0503,5.39,1693716996.2669375
32,0.1006,5.34,1693717011.7712781
32,0.1006,5.34,1693717027.2756205
24,0.0755,5.34,1693717042.7789345
28,0.0881,5.39,1693717058.2832682
16,0.0503,5.39,1693717073.7865436
8,0.0252,5.34,1693717089.2887871
44,0.1384,5.34,1693717104.7942061
16,0.0503,5.34,1693717120.297506
20,0.0629,5.34,1693717135.800783
20,0.0629,5.31,1693717151.3051097
32,0.1006,5.36,1693717166.808427
28,0.0881,5.34,1693717182.311754
32,0.1006,5.31,1693717197.8160422
28,0.0881,5.34,1693717213.3193514
36,0.1132,5.34,1693717228.8227296
20,0.0629,5.34,1693717244.326992
28,0.0881,5.34,1693717259.8303087
40,0.1258,5.34,1693717275.3336
16,0.0503,5.34,1693717290.8379273
40,0.1258,5.34,1693717306.3411984
8,0.0252,5.31,1693717321.843445
4,0.0126,5.34,1693717337.3477495
16,0.0503,5.36,1693717352.852139
48,0.1509,5.31,1693717368.3564587
48,0.1509,5.31,1693717383.8607733
24,0.0755,5.34,1693717399.364088
20,0.0629,5.34,1693717414.8683891
40,0.1258,5.34,1693717430.3727052
24,0.0755,5.34,1693717445.8760896
20,0.0629,5.31,1693717461.380341
12,0.0377,5.34,1693717476.8836412
36,0.1132,5.34,1693717492.386936
28,0.0881,5.31,1693717507.891163
36,0.1132,5.34,1693717523.3945513
20,0.0629,5.39,1693717538.8978622
24,0.0755,5.34,1693717554.402183
16,0.0503,5.34,1693717569.9054725
32,0.1006,5.31,1693717585.4087512
32,0.1006,5.34,1693717600.9130814
4,0.0126,5.34,1693717616.41535
16,0.0503,5.36,1693717631.9196756
4,0.0126,5.34,1693717647.422903
24,0.0755,5.34,1693717662.9273067
36,0.1132,5.34,1693717678.430571
36,0.1132,5.34,1693717693.9349039
36,0.1132,5.31,1693717709.4381955
8,0.0252,5.34,1693717724.940427
40,0.1258,5.34,1693717740.4458134
24,0.0755,5.34,1693717755.9491098
40,0.1258,5.34,1693717771.453468
32,0.1006,5.34,1693717786.9577425
24,0.0755,5.31,1693717802.460946
16,0.0503,5.34,1693717817.9653568
24,0.0755,5.34,1693717833.4696624
36,0.1132,5.31,1693717848.9730003
28,0.0881,5.31,1693717864.4773123
20,0.0629,5.34,1693717879.9805894
16,0.0503,5.34,1693717895.4838765
28,0.0881,5.39,1693717910.988193
24,0.0755,5.34,1693717926.4914827
20,0.0629,5.34,1693717941.994802
36,0.1132,5.34,1693717957.4991055
28,0.0881,5.39,1693717973.0023825
36,0.1132,5.36,1693717988.5056922
16,0.0503,5.34,1693718004.010009
24,0.0755,5.29,1693718019.5133026
24,0.0755,5.34,1693718035.016585
16,0.0503,5.34,1693718050.5209854
24,0.0755,5.34,1693718066.024224
28,0.0881,5.36,1693718081.5274825
36,0.1132,5.34,1693718097.0317826
12,0.0377,5.31,1693718112.535029
24,0.0755,5.34,1693718128.0384014
32,0.1006,5.36,1693718143.5426934
20,0.0629,5.36,1693718159.0459983
24,0.0755,5.34,1693718174.5502882
24,0.0755,5.36,1693718190.0545838
20,0.0629,5.34,1693718205.5578759
12,0.0377,5.34,1693718221.062206
12,0.0377,5.39,1693718236.5665095
24,0.0755,5.34,1693718252.069788
16,0.0503,5.34,1693718267.5741613
16,0.0503,5.31,1693718283.0774107
28,0.0881,5.36,1693718298.5806942
12,0.0377,5.34,1693718314.0850387
32,0.1006,5.31,1693718329.5882566
20,0.0629,5.34,1693718345.0915701
24,0.0755,5.34,1693718360.5958786
36,0.1132,5.34,1693718376.0991573
36,0.1132,5.34,1693718391.6024382
24,0.0755,5.34,1693718407.1067367
24,0.0755,5.31,1693718422.6100552
44,0.1384,5.36,1693718438.1133342
20,0.0629,5.34,1693718453.6176424
28,0.0881,5.34,1693718469.1209111
20,0.0629,5.31,1693718484.6242208
16,0.0503,5.36,1693718500.1285458
12,0.0377,5.39,1693718515.6318004
12,0.0377,5.36,1693718531.1351044
24,0.0755,5.34,1693718546.6394632
32,0.1006,5.34,1693718562.1427078
44,0.1384,5.34,1693718577.647025
36,0.1132,5.34,1693718593.1513486
28,0.0881,5.34,1693718608.6546273
20,0.0629,5.36,1693718624.158932
44,0.1384,5.34,1693718639.6632497
32,0.1006,5.34,1693718655.1665413
12,0.0377,5.36,1693718670.670851
20,0.0629,5.34,1693718686.1741903
20,0.0629,5.34,1693718701.677423
28,0.0881,5.34,1693718717.1817365
24,0.0755,5.34,1693718732.6849098
32,0.1006,5.36,1693718748.188299
36,0.1132,5.34,1693718763.692627
20,0.0629,5.34,1693718779.1959057
28,0.0881,5.34,1693718794.699195
20,0.0629,5.34,1693718810.2035139
20,0.0629,5.34,1693718825.7068117
16,0.0503,5.31,1693718841.2100928
8,0.0252,5.34,1693718856.7133212
16,0.0503,5.34,1693718872.2177439
32,0.1006,5.34,1693718887.7210002
20,0.0629,5.36,1693718903.225263
20,0.0629,5.34,1693718918.7285998
20,0.0629,5.31,1693718934.2318687
24,0.0755,5.34,1693718949.7361808
28,0.0881,5.36,1693718965.2394538
20,0.0629,5.34,1693718980.743834
32,0.1006,5.31,1693718996.2480776
16,0.0503,5.34,1693719011.7513924
16,0.0503,5.34,1693719027.2556853
20,0.0629,5.34,1693719042.7599998
16,0.0503,5.34,1693719058.2633097
20,0.0629,5.34,1693719073.76761
16,0.0503,5.34,1693719089.2709467
40,0.1258,5.31,1693719104.7742338
44,0.1384,5.34,1693719120.2784798
4,0.0126,5.31,1693719135.7806983
24,0.0755,5.34,1693719151.285072
8,0.0252,5.31,1693719166.7882888
16,0.0503,5.34,1693719182.292665
16,0.0503,5.34,1693719197.7959793
32,0.1006,5.34,1693719213.3002832
24,0.0755,5.34,1693719228.8035662
16,0.0503,5.34,1693719244.306862
24,0.0755,5.36,1693719259.8111937
28,0.0881,5.31,1693719275.3144722
28,0.0881,5.34,1693719290.8177629
24,0.0755,5.34,1693719306.3219614
28,0.0881,5.34,1693719321.8253717
12,0.0377,5.36,1693719337.3286548
24,0.0755,5.36,1693719352.833013
20,0.0629,5.34,1693719368.3362434
16,0.0503,5.34,1693719383.8405783
0,0.0000,5.36,1693719399.3437746
12,0.0377,5.36,1693719414.8481717
24,0.0755,5.39,1693719430.3524919
24,0.0755,5.31,1693719445.8567767
28,0.0881,5.39,1693719461.360091
28,0.0881,5.31,1693719476.8644118
36,0.1132,5.39,1693719492.3676875
28,0.0881,5.34,1693719507.8709817
36,0.1132,5.34,1693719523.3752935
24,0.0755,5.34,1693719538.878567
32,0.1006,5.34,1693719554.3818674
20,0.0629,5.34,1693719569.8861954
36,0.1132,5.31,1693719585.3894799
28,0.0881,5.34,1693719600.892747
8,0.0252,5.34,1693719616.3959992
32,0.1006,5.34,1693719631.9003587
36,0.1132,5.31,1693719647.403618
24,0.0755,5.36,1693719662.9079604
20,0.0629,5.34,1693719678.411241
32,0.1006,5.31,1693719693.9145734
24,0.0755,5.31,1693719709.4188626
20,0.0629,5.34,1693719724.9221318
28,0.0881,5.31,1693719740.4254189
8,0.0252,5.34,1693719755.9286711
12,0.0377,5.34,1693719771.4330409
32,0.1006,5.31,1693719786.9373581
40,0.1258,5.36,1693719802.4416935
32,0.1006,5.34,1693719817.9450102
32,0.1006,5.34,1693719833.4492471
44,0.1384,5.34,1693719848.9535756
24,0.0755,5.34,1693719864.4568796
36,0.1132,5.34,1693719879.9611804
16,0.0503,5.34,1693719895.4644766
20,0.0629,5.36,1693719910.9677088
16,0.0503,5.34,1693719926.472091
20,0.0629,5.31,1693719941.9753795
4,0.0126,5.31,1693719957.4775808
28,0.0881,5.34,1693719972.982976
0,0.0000,5.34,1693719988.48517
20,0.0629,5.34,1693720003.9895606
20,0.0629,5.36,1693720019.4939368
28,0.0881,5.34,1693720034.9971597
4,0.0126,5.34,1693720050.4993732
12,0.0377,5.36,1693720066.004763
28,0.0881,5.34,1693720081.5080497
24,0.0755,5.34,1693720097.0113337
32,0.1006,5.34,1693720112.5156572
20,0.0629,5.34,1693720128.0189314
24,0.0755,5.34,1693720143.5222287
28,0.0881,5.36,1693720159.026538
40,0.1258,5.31,1693720174.529823
12,0.0377,5.39,1693720190.0341625
20,0.0629,5.34,1693720205.5384948
28,0.0881,5.34,1693720221.0415707
28,0.0881,5.34,1693720236.5458186
28,0.0881,5.34,1693720252.0499704
32,0.1006,5.34,1693720267.553128
28,0.0881,5.36,1693720283.0572882
20,0.0629,5.34,1693720298.5604186
28,0.0881,5.34,1693720314.0635607
24,0.0755,5.34,1693720329.5677414
36,0.1132,5.34,1693720345.0709343
24,0.0755,5.34,1693720360.5740783
44,0.1384,5.31,1693720376.0782695
12,0.0377,5.34,1693720391.581459
32,0.1006,5.34,1693720407.0846093
12,0.0377,5.34,1693720422.5888164
32,0.1006,5.34,1693720438.091983
20,0.0629,5.34,1693720453.5951674
12,0.0377,5.34,1693720469.099371
20,0.0629,5.34,1693720484.6025577
24,0.0755,5.34,1693720500.1057315
20,0.0629,5.34,1693720515.6099696
16,0.0503,5.34,1693720531.1131642
12,0.0377,5.34,1693720546.6163452
12,0.0377,5.34,1693720562.1205847
32,0.1006,5.34,1693720577.6237879
20,0.0629,5.34,1693720593.1279943
24,0.0755,5.34,1693720608.6322167
12,0.0377,5.34,1693720624.1354532
28,0.0881,5.36,1693720639.6396494
20,0.0629,5.34,1693720655.1439047
24,0.0755,5.31,1693720670.6470687
28,0.0881,5.36,1693720686.1513128
24,0.0755,5.36,1693720701.654524
12,0.0377,5.34,1693720717.15776
12,0.0377,5.34,1693720732.6620405
32,0.1006,5.36,1693720748.165239
8,0.0252,5.36,1693720763.6673944
24,0.0755,5.34,1693720779.1727006
36,0.1132,5.31,1693720794.6759577
28,0.0881,5.39,1693720810.1791553
36,0.1132,5.34,1693720825.6833954
0,0.0000,5.31,1693720841.1855245
24,0.0755,5.36,1693720856.6898434
36,0.1132,5.36,1693720872.1941144
20,0.0629,5.34,1693720887.6973343
8,0.0252,5.34,1693720903.1995134
36,0.1132,5.36,1693720918.704821
24,0.0755,5.39,1693720934.2080626
12,0.0377,5.34,1693720949.7113178
36,0.1132,5.34,1693720965.2155583
28,0.0881,5.36,1693720980.7188187
20,0.0629,5.34,1693720996.223073
20,0.0629,5.36,1693721011.7273343
20,0.0629,5.31,1693721027.230602
12,0.0377,5.34,1693721042.734867
12,0.0377,5.31,1693721058.2391105
16,0.0503,5.31,1693721073.7423818
12,0.0377,5.36,1693721089.2466328
16,0.0503,5.31,1693721104.7497969
24,0.0755,5.36,1693721120.2531326
32,0.1006,5.31,1693721135.7572942
32,0.1006,5.34,1693721151.2606466
16,0.0503,5.34,1693721166.7638748
12,0.0377,5.34,1693721182.2681637
40,0.1258,5.34,1693721197.771417
36,0.1132,5.36,1693721213.274659
12,0.0377,5.36,1693721228.7789237
20,0.0629,5.34,1693721244.2822003
32,0.1006,5.36,1693721259.7854352
24,0.0755,5.36,1693721275.2897084
36,0.1132,5.34,1693721290.7930791
28,0.0881,5.34,1693721306.2962213
16,0.0503,5.34,1693721321.800495
44,0.1384,5.39,1693721337.3037577
28,0.0881,5.36,1693721352.8070395
32,0.1006,5.36,1693721368.3112867
24,0.0755,5.31,1693721383.8145602
12,0.0377,5.36,1693721399.318841
8,0.0252,5.34,1693721414.8220563
32,0.1006,5.31,1693721430.3263767
20,0.0629,5.34,1693721445.8306546
28,0.0881,5.36,1693721461.334958
12,0.0377,5.39,1693721476.8381896
36,0.1132,5.39,1693721492.3424928
24,0.0755,5.34,1693721507.8457785
12,0.0377,5.36,1693721523.3490987
4,0.0126,5.34,1693721538.8522213
16,0.0503,5.39,1693721554.356561
20,0.0629,5.34,1693721569.8598201
24,0.0755,5.36,1693721585.36409
32,0.1006,5.34,1693721600.86735
28,0.0881,5.31,1693721616.370619
28,0.0881,5.34,1693721631.8749018
24,0.0755,5.34,1693721647.378177
24,0.0755,5.39,1693721662.8814864
20,0.0629,5.36,1693721678.3857393
16,0.0503,5.31,1693721693.889095
12,0.0377,5.31,1693721709.3922606
24,0.0755,5.34,1693721724.8965244
20,0.0629,5.34,1693721740.399792
36,0.1132,5.36,1693721755.903034
8,0.0252,5.39,1693721771.4062803
12,0.0377,5.34,1693721786.910597
36,0.1132,5.34,1693721802.4148922
12,0.0377,5.34,1693721817.9191914
8,0.0252,5.34,1693721833.4213686
20,0.0629,5.34,1693721848.9267395
8,0.0252,5.34,1693721864.4299803
32,0.1006,5.36,1693721879.9343457
8,0.0252,5.34,1693721895.4375088
40,0.1258,5.34,1693721910.9418616
12,0.0377,5.34,1693721926.445124
28,0.0881,5.36,1693721941.9494355
24,0.0755,5.36,1693721957.4526742
12,0.0377,5.34,1693721972.9559288
20,0.0629,5.34,1693721988.460298
16,0.0503,5.31,1693722003.963406
28,0.0881,5.36,1693722019.466784
32,0.1006,5.34,1693722034.9710379
24,0.0755,5.34,1693722050.4743376
20,0.0629,5.34,1693722065.9775841
24,0.0755,5.34,1693722081.4818876
16,0.0503,5.36,1693722096.9851499
32,0.1006,5.34,1693722112.488421
8,0.0252,5.34,1693722127.9916368
20,0.0629,5.34,1693722143.4959872
36,0.1132,5.39,1693722158.9992468
24,0.0755,5.34,1693722174.5035598
40,0.1258,5.31,1693722190.0068157
20,0.0629,5.34,1693722205.5110965
20,0.0629,5.39,1693722221.01539
44,0.1384,5.31,1693722236.518682
24,0.0755,5.34,1693722252.0229573
16,0.0503,5.34,1693722267.5273654
44,0.1384,5.34,1693722283.0308151
48,0.1509,5.34,1693722298.5352654
20,0.0629,5.34,1693722314.0387158
12,0.0377,5.31,1693722329.5421352
20,0.0629,5.34,1693722345.046608
28,0.0881,5.39,1693722360.5500498
32,0.1006,5.34,1693722376.0534453
32,0.1006,5.34,1693722391.557891
36,0.1132,5.36,1693722407.0613277
16,0.0503,5.31,1693722422.5647204
16,0.0503,5.34,1693722438.0691657
24,0.0755,5.36,1693722453.5725932
24,0.0755,5.39,1693722469.075962
24,0.0755,5.39,1693722484.5804112
48,0.1509,5.34,1693722500.0838134
16,0.0503,5.34,1693722515.587201
28,0.0881,5.34,1693722531.091607
12,0.0377,5.39,1693722546.595027
16,0.0503,5.34,1693722562.0983858
36,0.1132,5.34,1693722577.6027865
32,0.1006,5.34,1693722593.106216
32,0.1006,5.36,1693722608.6105726
36,0.1132,5.36,1693722624.1149793
20,0.0629,5.34,1693722639.6183314
20,0.0629,5.39,1693722655.1227257
28,0.0881,5.34,1693722670.6271396
28,0.0881,5.34,1693722686.130493
4,0.0126,5.39,1693722701.6338975
24,0.0755,5.31,1693722717.1382506
8,0.0252,5.34,1693722732.6405504
20,0.0629,5.34,1693722748.1459937
20,0.0629,5.36,1693722763.649375
44,0.1384,5.34,1693722779.1526866
32,0.1006,5.31,1693722794.6570942
44,0.1384,5.36,1693722810.1604524
24,0.0755,5.34,1693722825.663761
28,0.0881,5.34,1693722841.1681297
16,0.0503,5.34,1693722856.6714988
16,0.0503,5.34,1693722872.1748407
32,0.1006,5.34,1693722887.6791992
24,0.0755,5.31,1693722903.1824498
24,0.0755,5.31,1693722918.6859407
24,0.0755,5.29,1693722934.1902096
20,0.0629,5.36,1693722949.6935613
28,0.0881,5.36,1693722965.1968863
20,0.0629,5.36,1693722980.7012367
20,0.0629,5.34,1693722996.2045941
20,0.0629,5.34,1693723011.7089715
28,0.0881,5.36,1693723027.2133708
24,0.0755,5.34,1693723042.7166612
24,0.0755,5.36,1693723058.2210336
24,0.0755,5.36,1693723073.7253277
12,0.0377,5.34,1693723089.2286444
12,0.0377,5.31,1693723104.7330568
12,0.0377,5.34,1693723120.2363396
44,0.1384,5.34,1693723135.739717
40,0.1258,5.39,1693723151.243966
32,0.1006,5.36,1693723166.7473152
28,0.0881,5.36,1693723182.2506452
28,0.0881,5.34,1693723197.7550018
32,0.1006,5.36,1693723213.258287
24,0.0755,5.34,1693723228.761611
16,0.0503,5.36,1693723244.2659497
48,0.1509,5.36,1693723259.7692661
32,0.1006,5.34,1693723275.2725713
24,0.0755,5.34,1693723290.7769222
28,0.0881,5.36,1693723306.280247
20,0.0629,5.34,1693723321.7835379
32,0.1006,5.34,1693723337.2879035
20,0.0629,5.34,1693723352.7912107
32,0.1006,5.34,1693723368.2944965
16,0.0503,5.34,1693723383.7988465
24,0.0755,5.34,1693723399.3021648
20,0.0629,5.36,1693723414.806488
36,0.1132,5.36,1693723430.3108366
24,0.0755,5.34,1693723445.8141534
16,0.0503,5.31,1693723461.3184626
40,0.1258,5.36,1693723476.8227956
0,0.0000,5.34,1693723492.325044
48,0.1509,5.34,1693723507.8304274
32,0.1006,5.31,1693723523.333767
36,0.1132,5.39,1693723538.8370667
16,0.0503,5.34,1693723554.3413754
24,0.0755,5.34,1693723569.8446813
20,0.0629,5.31,1693723585.3479638
36,0.1132,5.34,1693723600.8523042
8,0.0252,5.36,1693723616.3545246
24,0.0755,5.34,1693723631.8589153
24,0.0755,5.36,1693723647.3632407
36,0.1132,5.31,1693723662.8665402
16,0.0503,5.34,1693723678.3698757
24,0.0755,5.34,1693723693.8741596
40,0.1258,5.34,1693723709.3774862
4,0.0126,5.34,1693723724.8797047
28,0.0881,5.34,1693723740.3851292
12,0.0377,5.31,1693723755.8884294
36,0.1132,5.36,1693723771.3917012
16,0.0503,5.31,1693723786.896013
12,0.0377,5.34,1693723802.3993154
40,0.1258,5.39,1693723817.9036496
36,0.1132,5.34,1693723833.4079952
16,0.0503,5.34,1693723848.9113119
28,0.0881,5.34,1693723864.4155936
28,0.0881,5.36,1693723879.919906
28,0.0881,5.34,1693723895.4232137
24,0.0755,5.34,1693723910.927551
20,0.0629,5.36,1693723926.4308403
20,0.0629,5.34,1693723941.9341376
36,0.1132,5.34,1693723957.4384997
20,0.0629,5.34,1693723972.9417613
20,0.0629,5.34,1693723988.4450903
36,0.1132,5.34,1693724003.9493892
44,0.1384,5.36,1693724019.4527068
28,0.0881,5.31,1693724034.9559896
12,0.0377,5.39,1693724050.460293
36,0.1132,5.36,1693724065.9636724
16,0.0503,5.31,1693724081.4669063
32,0.1006,5.34,1693724096.9712353
20,0.0629,5.31,1693724112.4745123
24,0.0755,5.36,1693724127.9778214
24,0.0755,5.34,1693724143.4821546
44,0.1384,5.34,1693724158.9854007
36,0.1132,5.36,1693724174.48872
20,0.0629,5.36,1693724189.9930427
40,0.1258,5.34,1693724205.4963365
24,0.0755,5.36,1693724221.0006323
16,0.0503,5.34,1693724236.5050223
16,0.0503,5.36,1693724252.0082498
16,0.0503,5.34,1693724267.5126085
36,0.1132,5.34,1693724283.017036
32,0.1006,5.34,1693724298.5202022
4,0.0126,5.31,1693724314.0234334
28,0.0881,5.36,1693724329.5277133
20,0.0629,5.34,1693724345.0309317
28,0.0881,5.34,1693724360.5351572
40,0.1258,5.34,1693724376.03836
16,0.0503,5.34,1693724391.54161
40,0.1258,5.34,1693724407.0458665
32,0.1006,5.31,1693724422.5490642
20,0.0629,5.36,1693724438.0522883
12,0.0377,5.36,1693724453.5565395
24,0.0755,5.34,1693724469.0597503
16,0.0503,5.31,1693724484.562998
24,0.0755,5.34,1693724500.0672479
24,0.0755,5.34,1693724515.570483
32,0.1006,5.36,1693724531.073718
44,0.1384,5.34,1693724546.5779548
20,0.0629,5.36,1693724562.0812142
8,0.0252,5.36,1693724577.583357
20,0.0629,5.34,1693724593.0887427
40,0.1258,5.34,1693724608.5919778
24,0.0755,5.34,1693724624.0962138
36,0.1132,5.36,1693724639.600477
16,0.0503,5.34,1693724655.103716
36,0.1132,5.34,1693724670.6080017
32,0.1006,5.31,1693724686.112278
16,0.0503,5.31,1693724701.6154108
40,0.1258,5.31,1693724717.1197908
28,0.0881,5.34,1693724732.6230335
12,0.0377,5.34,1693724748.1263018
32,0.1006,5.31,1693724763.6305752
32,0.1006,5.34,1693724779.1338198
12,0.0377,5.36,1693724794.6370728
24,0.0755,5.34,1693724810.141321
36,0.1132,5.34,1693724825.6446056
12,0.0377,5.31,1693724841.1478655
24,0.0755,5.34,1693724856.652145
28,0.0881,5.34,1693724872.1553996
24,0.0755,5.34,1693724887.6586847
16,0.0503,5.34,1693724903.1629407
40,0.1258,5.34,1693724918.666202
24,0.0755,5.36,1693724934.1694658
16,0.0503,5.31,1693724949.6737616
48,0.1509,5.34,1693724965.1770942
20,0.0629,5.36,1693724980.6802683
20,0.0629,5.34,1693724996.18459
20,0.0629,5.34,1693725011.6878211
20,0.0629,5.36,1693725027.1921287
16,0.0503,5.34,1693725042.6963973
40,0.1258,5.34,1693725058.1996386
36,0.1132,5.31,1693725073.7039435
24,0.0755,5.39,1693725089.2082324
24,0.0755,5.36,1693725104.711533
12,0.0377,5.34,1693725120.2157867
28,0.0881,5.34,1693725135.7190819
28,0.0881,5.34,1693725151.2223375
28,0.0881,5.39,1693725166.7266333
16,0.0503,5.34,1693725182.2299004
20,0.0629,5.31,1693725197.7331712
16,0.0503,5.34,1693725213.2375164
24,0.0755,5.34,1693725228.7407637
28,0.0881,5.34,1693725244.244011
28,0.0881,5.34,1693725259.7483141
40,0.1258,5.34,1693725275.2515717
44,0.1384,5.31,1693725290.7548773
20,0.0629,5.31,1693725306.259154
12,0.0377,5.36,1693725321.7625005
12,0.0377,5.34,1693725337.2657032
8,0.0252,5.31,1693725352.768922
16,0.0503,5.36,1693725368.2732668
20,0.0629,5.34,1693725383.7765105
12,0.0377,5.36,1693725399.2808084
40,0.1258,5.34,1693725414.784095
32,0.1006,5.34,1693725430.2884102
16,0.0503,5.34,1693725445.7927086
16,0.0503,5.34,1693725461.2959766
8,0.0252,5.34,1693725476.7991812
20,0.0629,5.34,1693725492.304606
52,0.1635,5.34,1693725507.8078475
12,0.0377,5.31,1693725523.3121588
12,0.0377,5.39,1693725538.8154404
20,0.0629,5.36,1693725554.3187125
20,0.0629,5.34,1693725569.8230317
16,0.0503,5.34,1693725585.3262856
16,0.0503,5.31,1693725600.829531
20,0.0629,5.34,1693725616.3338585
32,0.1006,5.34,1693725631.8371491
36,0.1132,5.36,1693725647.340429
44,0.1384,5.34,1693725662.8447301
32,0.1006,5.36,1693725678.3479807
24,0.0755,5.34,1693725693.851258
20,0.0629,5.34,1693725709.3555813
20,0.0629,5.31,1693725724.8588617
16,0.0503,5.36,1693725740.3621502
28,0.0881,5.34,1693725755.8664427
8,0.0252,5.36,1693725771.3686383
36,0.1132,5.34,1693725786.8730278
16,0.0503,5.39,1693725802.3772917
28,0.0881,5.34,1693725817.8805842
20,0.0629,5.36,1693725833.384886
12,0.0377,5.34,1693725848.889189
24,0.0755,5.31,1693725864.3924725
32,0.1006,5.34,1693725879.8967438
40,0.1258,5.34,1693725895.4010644
20,0.0629,5.39,1693725910.9043517
48,0.1509,5.34,1693725926.4086525
8,0.0252,5.36,1693725941.910867
16,0.0503,5.34,1693725957.4150996
24,0.0755,5.34,1693725972.9194942
20,0.0629,5.34,1693725988.422802
40,0.1258,5.34,1693726003.926059
20,0.0629,5.34,1693726019.4304042
32,0.1006,5.34,1693726034.9336667
24,0.0755,5.34,1693726050.436928
20,0.0629,5.36,1693726065.9412441
20,0.0629,5.31,1693726081.4445207
20,0.0629,5.34,1693726096.947811
12,0.0377,5.34,1693726112.4521163
20,0.0629,5.34,1693726127.955397
12,0.0377,5.34,1693726143.458724
28,0.0881,5.34,1693726158.9629917
20,0.0629,5.34,1693726174.4662626
44,0.1384,5.31,1693726189.9695652
16,0.0503,5.31,1693726205.473756
44,0.1384,5.31,1693726220.9771287
32,0.1006,5.34,1693726236.4814384
28,0.0881,5.34,1693726251.9857688
20,0.0629,5.36,1693726267.4890509
36,0.1132,5.36,1693726282.9933465
16,0.0503,5.36,1693726298.4976518
16,0.0503,5.36,1693726314.0009687
16,0.0503,5.34,1693726329.5052223
12,0.0377,5.34,1693726345.0085192
32,0.1006,5.31,1693726360.5117297
20,0.0629,5.34,1693726376.0155864
36,0.1132,5.39,1693726391.5184596
12,0.0377,5.34,1693726407.0213876
40,0.1258,5.34,1693726422.5253205
16,0.0503,5.34,1693726438.0282261
12,0.0377,5.36,1693726453.531124
28,0.0881,5.36,1693726469.035152
20,0.0629,5.36,1693726484.5380337
28,0.0881,5.34,1693726500.0410252
20,0.0629,5.34,1693726515.5450652
20,0.0629,5.34,1693726531.0479498
28,0.0881,5.36,1693726546.5509098
20,0.0629,5.34,1693726562.0549192
8,0.0252,5.39,1693726577.5568483
12,0.0377,5.34,1693726593.0609128
24,0.0755,5.34,1693726608.564977
20,0.0629,5.39,1693726624.0679352
8,0.0252,5.34,1693726639.5709112
32,0.1006,5.34,1693726655.0760045
28,0.0881,5.34,1693726670.5790446
16,0.0503,5.34,1693726686.083096
16,0.0503,5.34,1693726701.58716
24,0.0755,5.31,1693726717.0901997
28,0.0881,5.34,1693726732.594264
24,0.0755,5.34,1693726748.0973136
20,0.0629,5.34,1693726763.6003754
32,0.1006,5.31,1693726779.1044734
40,0.1258,5.34,1693726794.607553
28,0.0881,5.29,1693726810.1105156
44,0.1384,5.34,1693726825.6147306
16,0.0503,5.36,1693726841.1177883
24,0.0755,5.34,1693726856.6208646
24,0.0755,5.29,1693726872.1250474
16,0.0503,5.34,1693726887.6281085
16,0.0503,5.34,1693726903.1311858
20,0.0629,5.36,1693726918.6353033
12,0.0377,5.31,1693726934.1384084
28,0.0881,5.36,1693726949.6415222
36,0.1132,5.34,1693726965.145654
28,0.0881,5.34,1693726980.648754
24,0.0755,5.34,1693726996.1518686
16,0.0503,5.36,1693727011.6560273
16,0.0503,5.36,1693727027.1591504
48,0.1509,5.31,1693727042.6632864
28,0.0881,5.34,1693727058.1674602
28,0.0881,5.34,1693727073.6705616
32,0.1006,5.34,1693727089.174738
28,0.0881,5.34,1693727104.678782
28,0.0881,5.36,1693727120.182034
28,0.0881,5.36,1693727135.6861901
36,0.1132,5.34,1693727151.1893704
28,0.0881,5.34,1693727166.6925063
28,0.0881,5.34,1693727182.196679
20,0.0629,5.34,1693727197.6997983
44,0.1384,5.36,1693727213.2029583
16,0.0503,5.36,1693727228.707136
24,0.0755,5.34,1693727244.2102804
40,0.1258,5.34,1693727259.7134416
12,0.0377,5.34,1693727275.2176476
8,0.0252,5.34,1693727290.7197113
32,0.1006,5.34,1693727306.223949
28,0.0881,5.34,1693727321.7281396
20,0.0629,5.34,1693727337.2313113
24,0.0755,5.36,1693727352.7344835
24,0.0755,5.34,1693727368.238674
28,0.0881,5.31,1693727383.7418358
32,0.1006,5.34,1693727399.245072
32,0.1006,5.34,1693727414.7492123
24,0.0755,5.34,1693727430.2523985
28,0.0881,5.36,1693727445.7565956
12,0.0377,5.31,1693727461.260799
20,0.0629,5.34,1693727476.7639773
8,0.0252,5.34,1693727492.267098
24,0.0755,5.34,1693727507.7723827
24,0.0755,5.34,1693727523.2755492
32,0.1006,5.34,1693727538.779767
24,0.0755,5.31,1693727554.282953
28,0.0881,5.36,1693727569.7861416
20,0.0629,5.39,1693727585.290362
16,0.0503,5.34,1693727600.7935271
28,0.0881,5.34,1693727616.2967727
12,0.0377,5.34,1693727631.8010092
28,0.0881,5.34,1693727647.304113
24,0.0755,5.34,1693727662.8073363
32,0.1006,5.34,1693727678.3115237
24,0.0755,5.36,1693727693.8147252
16,0.0503,5.34,1693727709.3179035
24,0.0755,5.36,1693727724.8221638
36,0.1132,5.34,1693727740.3253577
32,0.1006,5.34,1693727755.828506
20,0.0629,5.34,1693727771.3327258
24,0.0755,5.36,1693727786.8359158
28,0.0881,5.39,1693727802.3391132
8,0.0252,5.31,1693727817.8422587
12,0.0377,5.34,1693727833.3465462
20,0.0629,5.31,1693727848.8507988
40,0.1258,5.36,1693727864.3550038
24,0.0755,5.34,1693727879.8581965
36,0.1132,5.36,1693727895.3624225
40,0.1258,5.34,1693727910.8666568
20,0.0629,5.34,1693727926.3698533
36,0.1132,5.34,1693727941.8741353
12,0.0377,5.31,1693727957.377284
28,0.0881,5.36,1693727972.8804867
16,0.0503,5.34,1693727988.384718
28,0.0881,5.34,1693728003.8879125
16,0.0503,5.31,1693728019.3911073
20,0.0629,5.31,1693728034.8953452
16,0.0503,5.34,1693728050.398551
28,0.0881,5.31,1693728065.901743
12,0.0377,5.36,1693728081.4059803
16,0.0503,5.31,1693728096.9091823
32,0.1006,5.34,1693728112.4123845
24,0.0755,5.39,1693728127.916614
16,0.0503,5.34,1693728143.419844
16,0.0503,5.34,1693728158.9230494
16,0.0503,5.36,1693728174.427278
24,0.0755,5.31,1693728189.9304676
8,0.0252,5.39,1693728205.4326112
20,0.0629,5.36,1693728220.9379337
32,0.1006,5.34,1693728236.4411333
20,0.0629,5.34,1693728251.945371
8,0.0252,5.31,1693728267.4485338
16,0.0503,5.34,1693728282.9528322
28,0.0881,5.36,1693728298.4570677
12,0.0377,5.34,1693728313.9612885
32,0.1006,5.34,1693728329.464474
28,0.0881,5.29,1693728344.968637
28,0.0881,5.31,1693728360.4719386
36,0.1132,5.31,1693728375.9751537
8,0.0252,5.34,1693728391.4783075
16,0.0503,5.34,1693728406.982601
24,0.0755,5.39,1693728422.4858081
16,0.0503,5.34,1693728437.9900587
44,0.1384,5.34,1693728453.4932544
20,0.0629,5.36,1693728468.9964554
28,0.0881,5.36,1693728484.5006924
36,0.1132,5.31,1693728500.0039225
28,0.0881,5.36,1693728515.5071292
32,0.1006,5.36,1693728531.0113697
24,0.0755,5.31,1693728546.5145798
36,0.1132,5.34,1693728562.0178103
16,0.0503,5.31,1693728577.5220265
16,0.0503,5.34,1693728593.0252461
32,0.1006,5.31,1693728608.5284605
28,0.0881,5.34,1693728624.0327034
36,0.1132,5.31,1693728639.5359066
24,0.0755,5.34,1693728655.040153
20,0.0629,5.34,1693728670.5443833
28,0.0881,5.34,1693728686.0475948
20,0.0629,5.34,1693728701.5518548
24,0.0755,5.34,1693728717.0560772
24,0.0755,5.31,1693728732.559399
16,0.0503,5.31,1693728748.0635624
12,0.0377,5.34,1693728763.5667515
32,0.1006,5.34,1693728779.069971
44,0.1384,5.34,1693728794.5742261
24,0.0755,5.31,1693728810.0774567
8,0.0252,5.34,1693728825.5795653
24,0.0755,5.34,1693728841.0848699
8,0.0252,5.34,1693728856.5870302
20,0.0629,5.31,1693728872.0913465
12,0.0377,5.31,1693728887.5955563
36,0.1132,5.31,1693728903.0987868
16,0.0503,5.34,1693728918.6020012
28,0.0881,5.31,1693728934.1062322
24,0.0755,5.31,1693728949.6094415
20,0.0629,5.31,1693728965.112542
44,0.1384,5.31,1693728980.6169808
16,0.0503,5.31,1693728996.1201203
24,0.0755,5.29,1693729011.623316
24,0.0755,5.31,1693729027.127554
32,0.1006,5.34,1693729042.6307576
20,0.0629,5.34,1693729058.1350236
16,0.0503,5.31,1693729073.6391451
28,0.0881,5.26,1693729089.142517
24,0.0755,5.31,1693729104.6467025
32,0.1006,5.31,1693729120.1509547
12,0.0377,5.31,1693729135.65416
40,0.1258,5.36,1693729151.158404
8,0.0252,5.34,1693729166.6605349
40,0.1258,5.34,1693729182.164809
20,0.0629,5.34,1693729197.6691108
20,0.0629,5.29,1693729213.1722932
16,0.0503,5.31,1693729228.6755106
36,0.1132,5.36,1693729244.1797557
16,0.0503,5.34,1693729259.6829531
16,0.0503,5.31,1693729275.186161
20,0.0629,5.31,1693729290.6904082
16,0.0503,5.31,1693729306.1937103
24,0.0755,5.31,1693729321.696865
20,0.0629,5.31,1693729337.2011032
32,0.1006,5.31,1693729352.7043111
16,0.0503,5.31,1693729368.2075238
12,0.0377,5.29,1693729383.7117774
12,0.0377,5.31,1693729399.2150118
20,0.0629,5.34,1693729414.7182226
12,0.0377,5.29,1693729430.2224712
32,0.1006,5.29,1693729445.7256749
12,0.0377,5.29,1693729461.2299151
24,0.0755,5.31,1693729476.734164
28,0.0881,5.29,1693729492.2374117
40,0.1258,5.29,1693729507.7416186
32,0.1006,5.31,1693729523.245861
32,0.1006,5.34,1693729538.7490914
16,0.0503,5.29,1693729554.2533543
16,0.0503,5.31,1693729569.756562
8,0.0252,5.31,1693729585.2587192
16,0.0503,5.31,1693729600.7640302
20,0.0629,5.36,1693729616.267246
20,0.0629,5.26,1693729631.770455
36,0.1132,5.34,1693729647.274703
36,0.1132,5.29,1693729662.7779408
28,0.0881,5.31,1693729678.2811391
28,0.0881,5.31,1693729693.7853813
24,0.0755,5.29,1693729709.2886076
16,0.0503,5.31,1693729724.7918158
24,0.0755,5.34,1693729740.2960556
20,0.0629,5.31,1693729755.799283
16,0.0503,5.31,1693729771.3025043
12,0.0377,5.31,1693729786.8067544
20,0.0629,5.31,1693729802.3099878
12,0.0377,5.29,1693729817.8130765
24,0.0755,5.31,1693729833.317438
28,0.0881,5.31,1693729848.8206565
32,0.1006,5.31,1693729864.3248978
40,0.1258,5.31,1693729879.829111
28,0.0881,5.29,1693729895.3323634
24,0.0755,5.34,1693729910.836592
36,0.1132,5.31,1693729926.3408384
28,0.0881,5.34,1693729941.8440802
36,0.1132,5.29,1693729957.3483212
28,0.0881,5.31,1693729972.8515363
32,0.1006,5.26,1693729988.3547523
36,0.1132,5.29,1693730003.8589945
24,0.0755,5.31,1693730019.3622007
48,0.1509,5.36,1693730034.8654275
44,0.1384,5.34,1693730050.3696623
48,0.1509,5.29,1693730065.8729162
12,0.0377,5.31,1693730081.3761027
24,0.0755,5.31,1693730096.8803415
36,0.1132,5.31,1693730112.3835704
40,0.1258,5.31,1693730127.8868096
40,0.1258,5.31,1693730143.3910356
28,0.0881,5.31,1693730158.8942673
24,0.0755,5.31,1693730174.3975048
16,0.0503,5.26,1693730189.9017286
12,0.0377,5.31,1693730205.404921
16,0.0503,5.31,1693730220.9081542
24,0.0755,5.31,1693730236.412405
28,0.0881,5.31,1693730251.9156191
28,0.0881,5.31,1693730267.4198582
20,0.0629,5.31,1693730282.9241047
20,0.0629,5.29,1693730298.4273362
32,0.1006,5.29,1693730313.9315872
32,0.1006,5.29,1693730329.4358373
24,0.0755,5.31,1693730344.9390635
24,0.0755,5.31,1693730360.443306
20,0.0629,5.31,1693730375.9465206
16,0.0503,5.31,1693730391.4497566
20,0.0629,5.29,1693730406.9539912
8,0.0252,5.29,1693730422.4561274
32,0.1006,5.29,1693730437.9604251
40,0.1258,5.29,1693730453.464716
24,0.0755,5.29,1693730468.969
20,0.0629,5.34,1693730484.4732177
24,0.0755,5.31,1693730499.9784498
12,0.0377,5.34,1693730515.482636
20,0.0629,5.29,1693730530.986799
44,0.1384,5.31,1693730546.4919748
16,0.0503,5.36,1693730561.996107
20,0.0629,5.29,1693730577.5002067
12,0.0377,5.29,1693730593.0052938
4,0.0126,5.31,1693730608.5082796
20,0.0629,5.36,1693730624.0134127
20,0.0629,5.31,1693730639.5184512
32,0.1006,5.29,1693730655.022417
28,0.0881,5.29,1693730670.5274308
28,0.0881,5.29,1693730686.0323935
24,0.0755,5.31,1693730701.5363464
32,0.1006,5.29,1693730717.041311
16,0.0503,5.31,1693730732.5461953
28,0.0881,5.29,1693730748.0501192
52,0.1635,5.29,1693730763.5549078
28,0.0881,5.31,1693730779.058857
16,0.0503,5.29,1693730794.562673
24,0.0755,5.31,1693730810.0675254
16,0.0503,5.29,1693730825.571365
24,0.0755,5.29,1693730841.0751638
16,0.0503,5.31,1693730856.5799732
28,0.0881,5.29,1693730872.0837402
20,0.0629,5.29,1693730887.5875323
4,0.0126,5.31,1693730903.0912266
24,0.0755,5.31,1693730918.5960245
20,0.0629,5.31,1693730934.0997658
24,0.0755,5.36,1693730949.6045172
36,0.1132,5.29,1693730965.108224
36,0.1132,5.29,1693730980.6119382
44,0.1384,5.31,1693730996.1166449
4,0.0126,5.31,1693731011.619214
16,0.0503,5.29,1693731027.123962
36,0.1132,5.29,1693731042.6286368
28,0.0881,5.29,1693731058.1322684
40,0.1258,5.31,1693731073.6370082
16,0.0503,5.31,1693731089.1416247
16,0.0503,5.29,1693731104.6452668
20,0.0629,5.29,1693731120.1499019
36,0.1132,5.34,1693731135.654512
12,0.0377,5.29,1693731151.158129
12,0.0377,5.34,1693731166.6627436
24,0.0755,5.29,1693731182.166328
16,0.0503,5.29,1693731197.6698916
32,0.1006,5.29,1693731213.1745012
24,0.0755,5.31,1693731228.6780798
24,0.0755,5.29,1693731244.1816638
28,0.0881,5.29,1693731259.686218
32,0.1006,5.26,1693731275.1897886
40,0.1258,5.29,1693731290.6933618
28,0.0881,5.24,1693731306.1978023
12,0.0377,5.31,1693731321.7014403
12,0.0377,5.31,1693731337.2050679
32,0.1006,5.26,1693731352.709523
32,0.1006,5.26,1693731368.213124
20,0.0629,5.29,1693731383.71655
24,0.0755,5.29,1693731399.2210934
28,0.0881,5.29,1693731414.724593
32,0.1006,5.31,1693731430.2281375
28,0.0881,5.24,1693731445.7326381
24,0.0755,5.29,1693731461.2361205
28,0.0881,5.29,1693731476.7406611
20,0.0629,5.31,1693731492.2451594
28,0.0881,5.29,1693731507.748628
20,0.0629,5.29,1693731523.253176
52,0.1635,5.29,1693731538.7576425
36,0.1132,5.29,1693731554.261133
32,0.1006,5.29,1693731569.765619
24,0.0755,5.34,1693731585.2691085
12,0.0377,5.26,1693731600.772563
28,0.0881,5.24,1693731616.2770863
20,0.0629,5.24,1693731631.780501
20,0.0629,5.26,1693731647.283966
20,0.0629,5.29,1693731662.788442
36,0.1132,5.34,1693731678.291932
8,0.0252,5.29,1693731693.794283
28,0.0881,5.24,1693731709.299811
36,0.1132,5.29,1693731724.8032463
8,0.0252,5.29,1693731740.3056602
16,0.0503,5.24,1693731755.8111603
28,0.0881,5.29,1693731771.3145878
16,0.0503,5.29,1693731786.818025
36,0.1132,5.29,1693731802.322496
20,0.0629,5.26,1693731817.8259394
24,0.0755,5.29,1693731833.3293421
24,0.0755,5.29,1693731848.8337963
24,0.0755,5.26,1693731864.337241
28,0.0881,5.26,1693731879.8416655
28,0.0881,5.26,1693731895.346126
24,0.0755,5.24,1693731910.849525
28,0.0881,5.26,1693731926.3539772
16,0.0503,5.26,1693731941.8584213
20,0.0629,5.26,1693731957.361813
24,0.0755,5.29,1693731972.866251
12,0.0377,5.31,1693731988.369675
24,0.0755,5.29,1693732003.8731074
16,0.0503,5.26,1693732019.3775241
24,0.0755,5.26,1693732034.8809032
16,0.0503,5.24,1693732050.3843038
24,0.0755,5.29,1693732065.8887453
16,0.0503,5.29,1693732081.392164
28,0.0881,5.29,1693732096.8955774
24,0.0755,5.26,1693732112.3999813
28,0.0881,5.29,1693732127.9034016
12,0.0377,5.29,1693732143.4067907
32,0.1006,5.26,1693732158.911215
44,0.1384,5.29,1693732174.4146113
20,0.0629,5.26,1693732189.9180198
28,0.0881,5.29,1693732205.4223382
20,0.0629,5.34,1693732220.9258573
36,0.1132,5.26,1693732236.42921
28,0.0881,5.24,1693732251.9336226
20,0.0629,5.31,1693732267.4370835
20,0.0629,5.26,1693732282.941462
36,0.1132,5.29,1693732298.4458673
36,0.1132,5.24,1693732313.9492588
20,0.0629,5.34,1693732329.4536576
28,0.0881,5.26,1693732344.958134
16,0.0503,5.29,1693732360.461442
20,0.0629,5.26,1693732375.9658918
12,0.0377,5.29,1693732391.4692569
24,0.0755,5.29,1693732406.9726346
16,0.0503,5.26,1693732422.4770818
20,0.0629,5.29,1693732437.9804363
20,0.0629,5.26,1693732453.4838395
24,0.0755,5.26,1693732468.988222
8,0.0252,5.24,1693732484.490541
32,0.1006,5.29,1693732499.9949954
24,0.0755,5.31,1693732515.4990876
32,0.1006,5.26,1693732531.0022
48,0.1509,5.29,1693732546.5051289
44,0.1384,5.29,1693732562.0092127
16,0.0503,5.29,1693732577.512269
28,0.0881,5.24,1693732593.0153522
28,0.0881,5.29,1693732608.519442
28,0.0881,5.31,1693732624.0225081
12,0.0377,5.29,1693732639.5256155
16,0.0503,5.29,1693732655.029744
8,0.0252,5.31,1693732670.531774
32,0.1006,5.29,1693732686.037045
20,0.0629,5.34,1693732701.5411358
28,0.0881,5.26,1693732717.0442412
60,0.1887,5.26,1693732732.5483932
28,0.0881,5.29,1693732748.052571
36,0.1132,5.24,1693732763.5556924
40,0.1258,5.26,1693732779.0598881
36,0.1132,5.29,1693732794.5630324
16,0.0503,5.26,1693732810.0661848
40,0.1258,5.29,1693732825.570352
32,0.1006,5.24,1693732841.0735352
20,0.0629,5.31,1693732856.576711
12,0.0377,5.29,1693732872.0809822
20,0.0629,5.29,1693732887.5841193
24,0.0755,5.31,1693732903.0872521
24,0.0755,5.26,1693732918.591468
24,0.0755,5.29,1693732934.0946727
44,0.1384,5.31,1693732949.5979066
16,0.0503,5.26,1693732965.1021183
40,0.1258,5.26,1693732980.6052856
28,0.0881,5.29,1693732996.1085527
20,0.0629,5.34,1693733011.612761
20,0.0629,5.29,1693733027.1159678
28,0.0881,5.29,1693733042.6191678
40,0.1258,5.24,1693733058.12344
12,0.0377,5.31,1693733073.626643
28,0.0881,5.34,1693733089.1308978
12,0.0377,5.31,1693733104.6351843
20,0.0629,5.24,1693733120.1384244
36,0.1132,5.29,1693733135.6426647
16,0.0503,5.26,1693733151.1469386
32,0.1006,5.24,1693733166.6501834
28,0.0881,5.26,1693733182.1544466
8,0.0252,5.24,1693733197.6566212
36,0.1132,5.26,1693733213.1609237
28,0.0881,5.29,1693733228.6652176
24,0.0755,5.29,1693733244.1684813
20,0.0629,5.26,1693733259.6717143
32,0.1006,5.26,1693733275.1760292
16,0.0503,5.29,1693733290.67924
20,0.0629,5.24,1693733306.1824944
12,0.0377,5.26,1693733321.6868227
28,0.0881,5.26,1693733337.1900823
20,0.0629,5.31,1693733352.6933422
20,0.0629,5.29,1693733368.1976395
48,0.1509,5.21,1693733383.7009091
24,0.0755,5.29,1693733399.2041955
12,0.0377,5.26,1693733414.7084806
44,0.1384,5.26,1693733430.2117686
12,0.0377,5.26,1693733445.7150347
28,0.0881,5.29,1693733461.219372
20,0.0629,5.29,1693733476.7226462
4,0.0126,5.24,1693733492.225869
24,0.0755,5.29,1693733507.7312212
20,0.0629,5.26,1693733523.234525
20,0.0629,5.34,1693733538.7388222
4,0.0126,5.29,1693733554.242067
20,0.0629,5.26,1693733569.7464442
16,0.0503,5.26,1693733585.250821
4,0.0126,5.29,1693733600.7530158
28,0.0881,5.29,1693733616.2573364
12,0.0377,5.24,1693733631.7616544
16,0.0503,5.31,1693733647.2650402
28,0.0881,5.29,1693733662.7682464
12,0.0377,5.26,1693733678.2725782
20,0.0629,5.26,1693733693.775858
16,0.0503,5.29,1693733709.2791777
16,0.0503,5.29,1693733724.7835126
36,0.1132,5.29,1693733740.2867844
24,0.0755,5.24,1693733755.7900856
8,0.0252,5.29,1693733771.2933214
24,0.0755,5.29,1693733786.7978024
24,0.0755,5.26,1693733802.3010929
16,0.0503,5.26,1693733817.8053405
28,0.0881,5.29,1693733833.3086648
20,0.0629,5.29,1693733848.8119512
12,0.0377,5.26,1693733864.3163161
16,0.0503,5.29,1693733879.819604
36,0.1132,5.26,1693733895.3239233
16,0.0503,5.26,1693733910.8282845
16,0.0503,5.26,1693733926.3315682
24,0.0755,5.17,1693733941.835903
28,0.0881,5.12,1693733957.3402402
12,0.0377,5.21,1693733972.8435504
28,0.0881,5.14,1693733988.3478904
24,0.0755,5.12,1693734003.851213
44,0.1384,5.10,1693734019.3545277
32,0.1006,5.12,1693734034.8588479
40,0.1258,5.14,1693734050.3621624
24,0.0755,5.14,1693734065.865495
8,0.0252,5.24,1693734081.368779
24,0.0755,5.19,1693734096.8731678
24,0.0755,5.17,1693734112.3764386
16,0.0503,5.19,1693734127.8808095
20,0.0629,5.24,1693734143.3841217
28,0.0881,5.19,1693734158.8874154
24,0.0755,5.21,1693734174.3917713
32,0.1006,5.24,1693734189.8951042
36,0.1132,5.21,1693734205.398395
16,0.0503,5.26,1693734220.9027593
32,0.1006,5.21,1693734236.4060712
20,0.0629,5.21,1693734251.9093766
16,0.0503,5.14,1693734267.4137225
24,0.0755,5.21,1693734282.917088
32,0.1006,5.19,1693734298.4213943
40,0.1258,5.17,1693734313.9257307
28,0.0881,5.24,1693734329.4290931
20,0.0629,5.19,1693734344.9334126
52,0.1635,5.17,1693734360.437754
16,0.0503,5.26,1693734375.9410617
12,0.0377,5.19,1693734391.4454114
20,0.0629,5.21,1693734406.9487312
20,0.0629,5.19,1693734422.4520535
24,0.0755,5.17,1693734437.956406
32,0.1006,5.21,1693734453.459729
12,0.0377,5.24,1693734468.9630244
28,0.0881,5.19,1693734484.4673827
12,0.0377,5.21,1693734499.9707236
36,0.1132,5.19,1693734515.4740307
32,0.1006,5.19,1693734530.9783711
28,0.0881,5.17,1693734546.4817038
40,0.1258,5.21,1693734561.9850335
36,0.1132,5.19,1693734577.4893482
20,0.0629,5.26,1693734592.9926822
24,0.0755,5.19,1693734608.4960256
24,0.0755,5.19,1693734624.0003648
8,0.0252,5.19,1693734639.5026038
36,0.1132,5.26,1693734655.0070233
28,0.0881,5.21,1693734670.5113368
16,0.0503,5.21,1693734686.0146713
36,0.1132,5.21,1693734701.5190356
44,0.1384,5.21,1693734717.0233777
20,0.0629,5.21,1693734732.5267105
20,0.0629,5.19,1693734748.0310454
32,0.1006,5.19,1693734763.535379
28,0.0881,5.19,1693734779.0387323
44,0.1384,5.17,1693734794.5430784
20,0.0629,5.17,1693734810.046392
40,0.1258,5.19,1693734825.5496984
16,0.0503,5.24,1693734841.0540752
16,0.0503,5.17,1693734856.5573943
24,0.0755,5.17,1693734872.0607693
36,0.1132,5.17,1693734887.5650575
28,0.0881,5.19,1693734903.068287
32,0.1006,5.19,1693734918.5717256
24,0.0755,5.21,1693734934.0760486
28,0.0881,5.19,1693734949.5793717
16,0.0503,5.19,1693734965.0827272
16,0.0503,5.17,1693734980.5869954
